realvd,sortby,direct,day,time,speed,accu,jam_percent,congest,position,road
VQKWL40,5.0,北,4,0,58.399067,2.845,0.0,0.0,成功路二段373號前,成功路二段
VQKWL40,5.0,北,4,1,57.6249069444,1.32597222056,0.0,0.0,成功路二段373號前,成功路二段
VQKWL40,5.0,北,4,2,59.7434775833,0.780138889444,0.0,0.0,成功路二段373號前,成功路二段
VQKWL40,5.0,北,4,3,60.3128946389,0.541571431429,0.0,0.0,成功路二段373號前,成功路二段
VQKWL40,5.0,北,4,4,60.3575510606,0.463181819394,0.0,0.0,成功路二段373號前,成功路二段
VQKWL40,5.0,北,4,5,58.6150604286,0.474852942353,0.0,0.0,成功路二段373號前,成功路二段
VQKWL40,5.0,北,4,6,57.6314770857,1.00457142657,0.0,0.0,成功路二段373號前,成功路二段
VQKWL40,5.0,北,4,7,55.915356,5.6499996,0.0,0.0,成功路二段373號前,成功路二段
VQKWL40,5.0,北,4,8,55.649265,6.565,0.0,0.0,成功路二段373號前,成功路二段
VQKWL40,5.0,北,4,9,54.067757,7.1400003,0.0,0.0,成功路二段373號前,成功路二段
VQKWL40,5.0,北,4,10,51.883858,7.3050003,0.0244,0.0,成功路二段373號前,成功路二段
VQKWL40,5.0,北,4,11,52.158817,6.3050003,0.0,0.0,成功路二段373號前,成功路二段
VQKWL40,5.0,北,4,12,49.950863,7.465,0.0244,0.2461,成功路二段373號前,成功路二段
VQKWL40,5.0,北,4,13,52.019344,6.275,0.0244,0.0,成功路二段373號前,成功路二段
VQKWL40,5.0,北,4,14,51.17393,5.71,0.0244,0.0,成功路二段373號前,成功路二段
VQKWL40,5.0,北,4,15,52.21695,6.185,0.0,0.0,成功路二段373號前,成功路二段
VQKWL40,5.0,北,4,16,52.618465,6.4350004,0.0244,0.0,成功路二段373號前,成功路二段
VQKWL40,5.0,北,4,17,51.532017,7.37,0.0,0.0,成功路二段373號前,成功路二段
VQKWL40,5.0,北,4,18,52.04952,7.975,0.0244,0.0,成功路二段373號前,成功路二段
VQKWL40,5.0,北,4,19,49.13853,9.495,0.0,0.4431,成功路二段373號前,成功路二段
VQKWL40,5.0,北,4,20,49.65131,8.075,0.0,0.3072,成功路二段373號前,成功路二段
VQKWL40,5.0,北,4,21,50.940903,7.165,0.0,0.1875,成功路二段373號前,成功路二段
VQKWL40,5.0,北,4,22,51.827614,6.2749996,0.0,0.0,成功路二段373號前,成功路二段
VQKWL40,5.0,北,4,23,53.211987,5.45,0.0,0.0,成功路二段373號前,成功路二段
VQKWL40,5.0,北,5,0,54.1496,3.2849998,0.0,0.0,成功路二段373號前,成功路二段
VQKWL40,5.0,北,5,1,57.3166218857,1.77328572,0.0,0.0,成功路二段373號前,成功路二段
VQKWL40,5.0,北,5,2,59.6426399714,1.08714286857,0.0,0.0,成功路二段373號前,成功路二段
VQKWL40,5.0,北,5,3,60.1160337143,0.761142857714,0.0,0.0,成功路二段373號前,成功路二段
VQKWL40,5.0,北,5,4,60.3076775172,0.638428571143,0.0,0.0,成功路二段373號前,成功路二段
VQKWL40,5.0,北,5,5,59.8213579412,0.648285714,0.0,0.0,成功路二段373號前,成功路二段
VQKWL40,5.0,北,5,6,57.1392932571,1.01942857971,0.0,0.0,成功路二段373號前,成功路二段
VQKWL40,5.0,北,5,7,57.820698,3.405,0.0,0.0,成功路二段373號前,成功路二段
VQKWL40,5.0,北,5,8,57.792892,3.645,0.0,0.0,成功路二段373號前,成功路二段
VQKWL40,5.0,北,5,9,55.098545,4.915,0.0,0.0,成功路二段373號前,成功路二段
VQKWL40,5.0,北,5,10,54.251465,5.585,0.0,0.0,成功路二段373號前,成功路二段
VQKWL40,5.0,北,5,11,53.62968,6.835,0.0,0.0,成功路二段373號前,成功路二段
VQKWL40,5.0,北,5,12,54.153545,6.205,0.0244,0.0,成功路二段373號前,成功路二段
VQKWL40,5.0,北,5,13,53.360348,5.7650003,0.0244,0.0,成功路二段373號前,成功路二段
VQKWL40,5.0,北,5,14,54.13162,5.755,0.0,0.0,成功路二段373號前,成功路二段
VQKWL40,5.0,北,5,15,54.691795,6.07,0.0,0.0,成功路二段373號前,成功路二段
VQKWL40,5.0,北,5,16,53.22218,6.2,0.0,0.0,成功路二段373號前,成功路二段
VQKWL40,5.0,北,5,17,54.88574,5.5299997,0.0,0.0,成功路二段373號前,成功路二段
VQKWL40,5.0,北,5,18,52.37146,6.355,0.0244,0.0,成功路二段373號前,成功路二段
VQKWL40,5.0,北,5,19,52.022724,5.49,0.0,0.0,成功路二段373號前,成功路二段
VQKWL40,5.0,北,5,20,52.395496,5.0649996,0.0,0.0,成功路二段373號前,成功路二段
VQKWL40,5.0,北,5,21,52.807224,4.7200003,0.0,0.0,成功路二段373號前,成功路二段
VQKWL40,5.0,北,5,22,54.2292,4.83,0.0,0.0,成功路二段373號前,成功路二段
VQKWL40,5.0,北,5,23,55.82167,3.815,0.0,0.0,成功路二段373號前,成功路二段
VQKWL40,5.0,北,6,0,56.650436,2.525,0.0,0.0,成功路二段373號前,成功路二段
VQKWL40,5.0,北,6,1,56.1573745556,1.82083333333,0.0,0.0,成功路二段373號前,成功路二段
VQKWL40,5.0,北,6,2,58.6158930278,1.16652778306,0.0,0.0,成功路二段373號前,成功路二段
VQKWL40,5.0,北,6,3,59.3837730294,0.793611112222,0.0,0.0,成功路二段373號前,成功路二段
VQKWL40,5.0,北,6,4,60.40142375,0.639999999167,0.0,0.0,成功路二段373號前,成功路二段
VQKWL40,5.0,北,6,5,59.7140641212,0.624714284857,0.0,0.0,成功路二段373號前,成功路二段
VQKWL40,5.0,北,6,6,56.4597143333,1.06250001083,0.0,0.0,成功路二段373號前,成功路二段
VQKWL40,5.0,北,6,7,57.71671,2.815,0.0,0.0,成功路二段373號前,成功路二段
VQKWL40,5.0,北,6,8,57.84873,2.84,0.0,0.0,成功路二段373號前,成功路二段
VQKWL40,5.0,北,6,9,53.627373,4.065,0.0,0.0,成功路二段373號前,成功路二段
VQKWL40,5.0,北,6,10,53.994392,5.4049997,0.0,0.0,成功路二段373號前,成功路二段
VQKWL40,5.0,北,6,11,54.114502,5.5550003,0.0,0.0,成功路二段373號前,成功路二段
VQKWL40,5.0,北,6,12,53.62866,5.38,0.0244,0.0,成功路二段373號前,成功路二段
VQKWL40,5.0,北,6,13,54.67527,4.955,0.0,0.0,成功路二段373號前,成功路二段
VQKWL40,5.0,北,6,14,55.22494,5.34,0.0,0.0,成功路二段373號前,成功路二段
VQKWL40,5.0,北,6,15,53.872417,5.48,0.0,0.0,成功路二段373號前,成功路二段
VQKWL40,5.0,北,6,16,53.421734,4.865,0.0,0.0,成功路二段373號前,成功路二段
VQKWL40,5.0,北,6,17,53.515133,4.7,0.0,0.0,成功路二段373號前,成功路二段
VQKWL40,5.0,北,6,18,53.23589,5.21,0.0,0.0,成功路二段373號前,成功路二段
VQKWL40,5.0,北,6,19,51.29488,4.79,0.0,0.0,成功路二段373號前,成功路二段
VQKWL40,5.0,北,6,20,53.753853,4.51,0.0244,0.0,成功路二段373號前,成功路二段
VQKWL40,5.0,北,6,21,51.646248,5.3450003,0.0,0.0,成功路二段373號前,成功路二段
VQKWL40,5.0,北,6,22,55.003727,4.335,0.0,0.0,成功路二段373號前,成功路二段
VQKWL40,5.0,北,6,23,55.55619,3.6750002,0.0,0.0,成功路二段373號前,成功路二段
VQKWL40,5.0,北,0,0,56.147552,2.835,0.0,0.0,成功路二段373號前,成功路二段
VQKWL40,5.0,北,0,1,57.9326300857,1.20557143714,0.0,0.0,成功路二段373號前,成功路二段
VQKWL40,5.0,北,0,2,58.5634183714,0.729142851143,0.0,0.0,成功路二段373號前,成功路二段
VQKWL40,5.0,北,0,3,59.545250697,0.481764707941,0.0,0.0,成功路二段373號前,成功路二段
VQKWL40,5.0,北,0,4,60.0972556571,0.400999998333,0.0,0.0,成功路二段373號前,成功路二段
VQKWL40,5.0,北,0,5,58.7606226286,0.403666664333,0.0,0.0,成功路二段373號前,成功路二段
VQKWL40,5.0,北,0,6,56.6838248857,0.842714285429,0.0,0.0,成功路二段373號前,成功路二段
VQKWL40,5.0,北,0,7,55.15526,2.315,0.0,0.0,成功路二段373號前,成功路二段
VQKWL40,5.0,北,0,8,56.751614,2.785,0.0,0.0,成功路二段373號前,成功路二段
VQKWL40,5.0,北,0,9,55.555775,3.5049999,0.0,0.0,成功路二段373號前,成功路二段
VQKWL40,5.0,北,0,10,53.846493,5.0299997,0.0,0.0,成功路二段373號前,成功路二段
VQKWL40,5.0,北,0,11,55.06572,4.91,0.0244,0.0,成功路二段373號前,成功路二段
VQKWL40,5.0,北,0,12,55.1955,4.7,0.0244,0.0,成功路二段373號前,成功路二段
VQKWL40,5.0,北,0,13,56.040665,4.5,0.0244,0.0,成功路二段373號前,成功路二段
VQKWL40,5.0,北,0,14,55.602413,4.85,0.0244,0.0,成功路二段373號前,成功路二段
VQKWL40,5.0,北,0,15,54.574604,5.4750004,0.0244,0.0,成功路二段373號前,成功路二段
VQKWL40,5.0,北,0,16,55.041534,5.4300003,0.0244,0.0,成功路二段373號前,成功路二段
VQKWL40,5.0,北,0,17,55.183815,4.87,0.0,0.0,成功路二段373號前,成功路二段
VQKWL40,5.0,北,0,18,53.97082,5.2,0.0,0.0,成功路二段373號前,成功路二段
VQKWL40,5.0,北,0,19,52.063217,5.135,0.0,0.0,成功路二段373號前,成功路二段
VQKWL40,5.0,北,0,20,51.466824,4.965,0.0,0.0,成功路二段373號前,成功路二段
VQKWL40,5.0,北,0,21,53.26785,4.525,0.0,0.0,成功路二段373號前,成功路二段
VQKWL40,5.0,北,0,22,54.183517,4.62,0.0,0.0,成功路二段373號前,成功路二段
VQKWL40,5.0,北,0,23,55.23706,3.4850001,0.0,0.0,成功路二段373號前,成功路二段
VQKWL40,5.0,北,1,0,59.214333,2.6399999,0.0,0.0,成功路二段373號前,成功路二段
VQKWL40,5.0,北,1,1,58.3941248286,1.20614285543,0.0,0.0,成功路二段373號前,成功路二段
VQKWL40,5.0,北,1,2,59.4310471765,0.721029415294,0.0,0.0,成功路二段373號前,成功路二段
VQKWL40,5.0,北,1,3,60.2428643143,0.479242424545,0.0,0.0,成功路二段373號前,成功路二段
VQKWL40,5.0,北,1,4,59.3971983125,0.4320312525,0.0,0.0,成功路二段373號前,成功路二段
VQKWL40,5.0,北,1,5,59.0121375714,0.468906249375,0.0,0.0,成功路二段373號前,成功路二段
VQKWL40,5.0,北,1,6,56.6111901714,0.846000002,0.0,0.0,成功路二段373號前,成功路二段
VQKWL40,5.0,北,1,7,44.545456,2.3400002,0.0,0.0,成功路二段373號前,成功路二段
VQKWL40,5.0,北,1,8,56.114395,2.745,0.0,0.0,成功路二段373號前,成功路二段
VQKWL40,5.0,北,1,9,52.65432,3.9499998,0.0,0.0,成功路二段373號前,成功路二段
VQKWL40,5.0,北,1,10,53.894627,5.27,0.0,0.0,成功路二段373號前,成功路二段
VQKWL40,5.0,北,1,11,53.21636,5.81,0.0488,0.0,成功路二段373號前,成功路二段
VQKWL40,5.0,北,1,12,54.765373,5.885,0.0488,0.0,成功路二段373號前,成功路二段
VQKWL40,5.0,北,1,13,55.202,5.08,0.0244,0.0,成功路二段373號前,成功路二段
VQKWL40,5.0,北,1,14,53.9808,5.5,0.0,0.0,成功路二段373號前,成功路二段
VQKWL40,5.0,北,1,15,53.775616,6.105,0.0488,0.0,成功路二段373號前,成功路二段
VQKWL40,5.0,北,1,16,52.427044,6.51,0.0244,0.0,成功路二段373號前,成功路二段
VQKWL40,5.0,北,1,17,53.452374,5.99,0.0,0.0,成功路二段373號前,成功路二段
VQKWL40,5.0,北,1,18,52.27964,6.3149996,0.0488,0.0,成功路二段373號前,成功路二段
VQKWL40,5.0,北,1,19,52.744926,5.84,0.0,0.0,成功路二段373號前,成功路二段
VQKWL40,5.0,北,1,20,51.045967,5.66,0.0,0.0584,成功路二段373號前,成功路二段
VQKWL40,5.0,北,1,21,54.231182,5.06,0.0,0.0,成功路二段373號前,成功路二段
VQKWL40,5.0,北,1,22,54.45274,5.005,0.0,0.0,成功路二段373號前,成功路二段
VQKWL40,5.0,北,1,23,56.685944,3.275,0.0,0.0,成功路二段373號前,成功路二段
VQKWL40,5.0,北,2,0,53.88111,2.21,0.0,0.0,成功路二段373號前,成功路二段
VQKWL40,5.0,北,2,1,57.1244927838,1.21405405135,0.0,0.0,成功路二段373號前,成功路二段
VQKWL40,5.0,北,2,2,58.6482839167,0.728648645946,0.0,0.0,成功路二段373號前,成功路二段
VQKWL40,5.0,北,2,3,58.3995193611,0.503055556944,0.0,0.0,成功路二段373號前,成功路二段
VQKWL40,5.0,北,2,4,58.7579013429,0.443181818485,0.0,0.0,成功路二段373號前,成功路二段
VQKWL40,5.0,北,2,5,57.5738302432,0.463714287143,0.0,0.0,成功路二段373號前,成功路二段
VQKWL40,5.0,北,2,6,55.7704314595,0.962972967297,0.0,0.0,成功路二段373號前,成功路二段
VQKWL40,5.0,北,2,7,53.3656112821,3.07820513077,0.0,0.0,成功路二段373號前,成功路二段
VQKWL40,5.0,北,2,8,53.4751336154,6.00730769744,0.0,0.0,成功路二段373號前,成功路二段
VQKWL40,5.0,北,2,9,55.360962,8.285,0.0,0.0,成功路二段373號前,成功路二段
VQKWL40,5.0,北,2,10,53.35923,6.865,0.0244,0.0,成功路二段373號前,成功路二段
VQKWL40,5.0,北,2,11,51.24064,6.4300003,0.0244,0.0,成功路二段373號前,成功路二段
VQKWL40,5.0,北,2,12,53.10706,5.685,0.0,0.0,成功路二段373號前,成功路二段
VQKWL40,5.0,北,2,13,54.568127,5.6499996,0.0,0.0,成功路二段373號前,成功路二段
VQKWL40,5.0,北,2,14,53.34662,5.325,0.0244,0.0,成功路二段373號前,成功路二段
VQKWL40,5.0,北,2,15,52.57052,5.485,0.0,0.0,成功路二段373號前,成功路二段
VQKWL40,5.0,北,2,16,53.87866,5.8,0.0,0.0,成功路二段373號前,成功路二段
VQKWL40,5.0,北,2,17,52.16395,7.205,0.0,0.0,成功路二段373號前,成功路二段
VQKWL40,5.0,北,2,18,52.79682,8.389999,0.0488,0.0,成功路二段373號前,成功路二段
VQKWL40,5.0,北,2,19,50.385017,9.1,0.0244,0.3678,成功路二段373號前,成功路二段
VQKWL40,5.0,北,2,20,50.1618,7.635,0.0,0.2532,成功路二段373號前,成功路二段
VQKWL40,5.0,北,2,21,50.133484,6.9449997,0.0,0.1966,成功路二段373號前,成功路二段
VQKWL40,5.0,北,2,22,53.15313,5.7799997,0.0,0.0,成功路二段373號前,成功路二段
VQKWL40,5.0,北,2,23,55.40439,4.31,0.0,0.0,成功路二段373號前,成功路二段
VQKWL40,5.0,北,3,0,54.326538,2.92,0.0,0.0,成功路二段373號前,成功路二段
VQKWL40,5.0,北,3,1,58.1497725556,1.26013889167,0.0,0.0,成功路二段373號前,成功路二段
VQKWL40,5.0,北,3,2,60.4332783611,0.753055550833,0.0,0.0,成功路二段373號前,成功路二段
VQKWL40,5.0,北,3,3,59.1536383824,0.5079166675,0.0,0.0,成功路二段373號前,成功路二段
VQKWL40,5.0,北,3,4,59.3007463939,0.463142854857,0.0,0.0,成功路二段373號前,成功路二段
VQKWL40,5.0,北,3,5,59.0028854857,0.455142856571,0.0,0.0,成功路二段373號前,成功路二段
VQKWL40,5.0,北,3,6,57.4000966286,0.835428565429,0.0,0.0,成功路二段373號前,成功路二段
VQKWL40,5.0,北,3,7,55.85678,5.73,0.0,0.0,成功路二段373號前,成功路二段
VQKWL40,5.0,北,3,8,56.643208,6.0299997,0.0,0.0,成功路二段373號前,成功路二段
VQKWL40,5.0,北,3,9,55.67071,6.58,0.0,0.0,成功路二段373號前,成功路二段
VQKWL40,5.0,北,3,10,52.441654,6.985,0.0,0.0,成功路二段373號前,成功路二段
VQKWL40,5.0,北,3,11,50.135002,6.35,0.0244,0.1469,成功路二段373號前,成功路二段
VQKWL40,5.0,北,3,12,50.853645,6.4049997,0.0,0.1271,成功路二段373號前,成功路二段
VQKWL40,5.0,北,3,13,52.845383,5.8599997,0.0,0.0,成功路二段373號前,成功路二段
VQKWL40,5.0,北,3,14,52.729824,5.525,0.0244,0.0,成功路二段373號前,成功路二段
VQKWL40,5.0,北,3,15,51.824036,5.79,0.0244,0.0,成功路二段373號前,成功路二段
VQKWL40,5.0,北,3,16,51.40868,6.4,0.0,0.0,成功路二段373號前,成功路二段
VQKWL40,5.0,北,3,17,51.8048,6.6400003,0.0,0.0,成功路二段373號前,成功路二段
VQKWL40,5.0,北,3,18,49.082565,9.045,0.0,0.4074,成功路二段373號前,成功路二段
VQKWL40,5.0,北,3,19,47.466736,9.780001,0.0,0.5236,成功路二段373號前,成功路二段
VQKWL40,5.0,北,3,20,50.564404,7.86,0.0,0.2582,成功路二段373號前,成功路二段
VQKWL40,5.0,北,3,21,51.067844,5.99,0.0,0.0852,成功路二段373號前,成功路二段
VQKWL40,5.0,北,3,22,53.95531,5.2,0.0,0.0,成功路二段373號前,成功路二段
VQKWL40,5.0,北,3,23,56.538387,4.085,0.0,0.0,成功路二段373號前,成功路二段
VQKWL40,6.0,南,4,0,50.052456,2.64,0.0,0.0,成功路二段373號前,成功路二段
VQKWL40,6.0,南,4,1,52.0603918611,1.33402778889,0.0,0.0,成功路二段373號前,成功路二段
VQKWL40,6.0,南,4,2,53.4547809167,0.906527779722,0.0,0.0,成功路二段373號前,成功路二段
VQKWL40,6.0,南,4,3,53.8908950857,0.655428573143,0.0,0.0,成功路二段373號前,成功路二段
VQKWL40,6.0,南,4,4,54.0502977059,0.575588239706,0.0,0.0,成功路二段373號前,成功路二段
VQKWL40,6.0,南,4,5,54.4600170571,0.634857143429,0.0,0.0,成功路二段373號前,成功路二段
VQKWL40,6.0,南,4,6,52.8489948571,1.21342855886,0.0,0.0,成功路二段373號前,成功路二段
VQKWL40,6.0,南,4,7,47.303867,8.1,0.122,0.0,成功路二段373號前,成功路二段
VQKWL40,6.0,南,4,8,40.23201,15.32,0.9512,0.5551,成功路二段373號前,成功路二段
VQKWL40,6.0,南,4,9,40.120075,15.275001,0.9756,0.5614,成功路二段373號前,成功路二段
VQKWL40,6.0,南,4,10,38.486557,13.809999,0.9756,0.6194,成功路二段373號前,成功路二段
VQKWL40,6.0,南,4,11,41.81011,11.07,0.9756,0.2605,成功路二段373號前,成功路二段
VQKWL40,6.0,南,4,12,41.5395,10.555,0.9756,0.2586,成功路二段373號前,成功路二段
VQKWL40,6.0,南,4,13,40.303017,10.595,0.9756,0.3509,成功路二段373號前,成功路二段
VQKWL40,6.0,南,4,14,41.490894,10.525,0.9756,0.2609,成功路二段373號前,成功路二段
VQKWL40,6.0,南,4,15,41.125072,10.860001,1.0,0.3018,成功路二段373號前,成功路二段
VQKWL40,6.0,南,4,16,41.42398,10.9,0.9756,0.2816,成功路二段373號前,成功路二段
VQKWL40,6.0,南,4,17,38.732876,12.655001,0.9756,0.5527,成功路二段373號前,成功路二段
VQKWL40,6.0,南,4,18,42.449112,10.264999,1.0,0.0,成功路二段373號前,成功路二段
VQKWL40,6.0,南,4,19,42.15507,11.09,1.0,0.0,成功路二段373號前,成功路二段
VQKWL40,6.0,南,4,20,40.600334,9.0,0.9756,0.262,成功路二段373號前,成功路二段
VQKWL40,6.0,南,4,21,40.91083,9.05,0.9756,0.2413,成功路二段373號前,成功路二段
VQKWL40,6.0,南,4,22,40.308674,8.525,0.9756,0.2633,成功路二段373號前,成功路二段
VQKWL40,6.0,南,4,23,44.96716,5.6349998,0.8537,0.0,成功路二段373號前,成功路二段
VQKWL40,6.0,南,5,0,49.477097,4.135,0.0,0.0,成功路二段373號前,成功路二段
VQKWL40,6.0,南,5,1,51.8749193429,1.84128570857,0.0,0.0,成功路二段373號前,成功路二段
VQKWL40,6.0,南,5,2,52.8579898,1.30542858,0.0,0.0,成功路二段373號前,成功路二段
VQKWL40,6.0,南,5,3,53.7112485294,0.950857142286,0.0,0.0,成功路二段373號前,成功路二段
VQKWL40,6.0,南,5,4,53.9134782941,0.839999994,0.0,0.0,成功路二段373號前,成功路二段
VQKWL40,6.0,南,5,5,54.1753824242,0.904000002286,0.0,0.0,成功路二段373號前,成功路二段
VQKWL40,6.0,南,5,6,53.1731872857,1.267999996,0.0,0.0,成功路二段373號前,成功路二段
VQKWL40,6.0,南,5,7,51.269066,3.2150002,0.0,0.0,成功路二段373號前,成功路二段
VQKWL40,6.0,南,5,8,50.181416,3.8899999,0.4878,0.0,成功路二段373號前,成功路二段
VQKWL40,6.0,南,5,9,47.03868,6.525,0.9024,0.0,成功路二段373號前,成功路二段
VQKWL40,6.0,南,5,10,43.151608,8.684999,0.9756,0.0,成功路二段373號前,成功路二段
VQKWL40,6.0,南,5,11,42.17395,9.84,1.0,0.0,成功路二段373號前,成功路二段
VQKWL40,6.0,南,5,12,42.318623,9.73,1.0,0.0,成功路二段373號前,成功路二段
VQKWL40,6.0,南,5,13,38.35016,11.4,1.0,0.5279,成功路二段373號前,成功路二段
VQKWL40,6.0,南,5,14,41.00188,10.25,1.0,0.2852,成功路二段373號前,成功路二段
VQKWL40,6.0,南,5,15,42.073032,9.285,1.0,0.0,成功路二段373號前,成功路二段
VQKWL40,6.0,南,5,16,42.028053,8.6050005,1.0,0.0,成功路二段373號前,成功路二段
VQKWL40,6.0,南,5,17,43.125423,8.465,1.0,0.0,成功路二段373號前,成功路二段
VQKWL40,6.0,南,5,18,44.01164,7.85,1.0,0.0,成功路二段373號前,成功路二段
VQKWL40,6.0,南,5,19,41.892033,7.8,1.0,0.0,成功路二段373號前,成功路二段
VQKWL40,6.0,南,5,20,41.965744,6.1000004,0.9512,0.0,成功路二段373號前,成功路二段
VQKWL40,6.0,南,5,21,45.792297,4.54,0.8537,0.0,成功路二段373號前,成功路二段
VQKWL40,6.0,南,5,22,46.34696,4.855,0.8293,0.0,成功路二段373號前,成功路二段
VQKWL40,6.0,南,5,23,47.131977,3.73,0.3415,0.0,成功路二段373號前,成功路二段
VQKWL40,6.0,南,6,0,49.85825,3.05,0.0,0.0,成功路二段373號前,成功路二段
VQKWL40,6.0,南,6,1,51.1979358611,1.83652777222,0.0,0.0,成功路二段373號前,成功路二段
VQKWL40,6.0,南,6,2,52.1133228889,1.35208335,0.0,0.0,成功路二段373號前,成功路二段
VQKWL40,6.0,南,6,3,54.2045103056,0.934444443611,0.0,0.0,成功路二段373號前,成功路二段
VQKWL40,6.0,南,6,4,54.6074453939,0.801527783333,0.0,0.0,成功路二段373號前,成功路二段
VQKWL40,6.0,南,6,5,53.9972137941,0.865416658889,0.0,0.0,成功路二段373號前,成功路二段
VQKWL40,6.0,南,6,6,52.92607825,1.1830555575,0.0,0.0,成功路二段373號前,成功路二段
VQKWL40,6.0,南,6,7,53.471138,2.1399999,0.0,0.0,成功路二段373號前,成功路二段
VQKWL40,6.0,南,6,8,52.82185,3.2150002,0.0732,0.0,成功路二段373號前,成功路二段
VQKWL40,6.0,南,6,9,46.101604,5.66,0.7317,0.0,成功路二段373號前,成功路二段
VQKWL40,6.0,南,6,10,44.161705,7.5,0.878,0.0,成功路二段373號前,成功路二段
VQKWL40,6.0,南,6,11,44.84487,7.8050003,1.0,0.0,成功路二段373號前,成功路二段
VQKWL40,6.0,南,6,12,43.963516,9.059999,1.0,0.0,成功路二段373號前,成功路二段
VQKWL40,6.0,南,6,13,42.652367,9.15,1.0,0.0,成功路二段373號前,成功路二段
VQKWL40,6.0,南,6,14,45.31413,7.73,1.0,0.0,成功路二段373號前,成功路二段
VQKWL40,6.0,南,6,15,42.88053,9.275,0.9756,0.0,成功路二段373號前,成功路二段
VQKWL40,6.0,南,6,16,43.608135,7.92,0.9756,0.0,成功路二段373號前,成功路二段
VQKWL40,6.0,南,6,17,44.380688,7.0950003,1.0,0.0,成功路二段373號前,成功路二段
VQKWL40,6.0,南,6,18,44.185005,7.215,1.0,0.0,成功路二段373號前,成功路二段
VQKWL40,6.0,南,6,19,44.454525,6.675,1.0,0.0,成功路二段373號前,成功路二段
VQKWL40,6.0,南,6,20,44.210575,5.385,0.9512,0.0,成功路二段373號前,成功路二段
VQKWL40,6.0,南,6,21,48.016514,4.44,0.878,0.0,成功路二段373號前,成功路二段
VQKWL40,6.0,南,6,22,48.405575,4.245,0.7073,0.0,成功路二段373號前,成功路二段
VQKWL40,6.0,南,6,23,48.726936,3.575,0.0,0.0,成功路二段373號前,成功路二段
VQKWL40,6.0,南,0,0,50.94793,2.4099998,0.0,0.0,成功路二段373號前,成功路二段
VQKWL40,6.0,南,0,1,52.1623052571,1.23385713714,0.0,0.0,成功路二段373號前,成功路二段
VQKWL40,6.0,南,0,2,52.1754764857,0.809571430286,0.0,0.0,成功路二段373號前,成功路二段
VQKWL40,6.0,南,0,3,53.8680813143,0.5321875025,0.0,0.0,成功路二段373號前,成功路二段
VQKWL40,6.0,南,0,4,53.6111673939,0.479117647647,0.0,0.0,成功路二段373號前,成功路二段
VQKWL40,6.0,南,0,5,52.6388898182,0.533064514194,0.0,0.0,成功路二段373號前,成功路二段
VQKWL40,6.0,南,0,6,52.2707888857,1.11799999429,0.0,0.0,成功路二段373號前,成功路二段
VQKWL40,6.0,南,0,7,54.336662,1.715,0.122,0.0,成功路二段373號前,成功路二段
VQKWL40,6.0,南,0,8,51.225044,3.145,0.9268,0.0,成功路二段373號前,成功路二段
VQKWL40,6.0,南,0,9,48.23561,4.16,0.9512,0.0,成功路二段373號前,成功路二段
VQKWL40,6.0,南,0,10,48.188644,5.4,1.0,0.0,成功路二段373號前,成功路二段
VQKWL40,6.0,南,0,11,45.283134,7.6,1.0,0.0,成功路二段373號前,成功路二段
VQKWL40,6.0,南,0,12,45.361053,7.82,1.0,0.0,成功路二段373號前,成功路二段
VQKWL40,6.0,南,0,13,47.92637,6.335,1.0,0.0,成功路二段373號前,成功路二段
VQKWL40,6.0,南,0,14,46.101933,6.715,0.9756,0.0,成功路二段373號前,成功路二段
VQKWL40,6.0,南,0,15,45.886364,7.335,1.0,0.0,成功路二段373號前,成功路二段
VQKWL40,6.0,南,0,16,44.440186,7.22,1.0,0.0,成功路二段373號前,成功路二段
VQKWL40,6.0,南,0,17,43.48151,8.37,1.0,0.0,成功路二段373號前,成功路二段
VQKWL40,6.0,南,0,18,44.609795,7.335,1.0,0.0,成功路二段373號前,成功路二段
VQKWL40,6.0,南,0,19,43.932632,5.9,1.0,0.0,成功路二段373號前,成功路二段
VQKWL40,6.0,南,0,20,44.486885,5.37,1.0,0.0,成功路二段373號前,成功路二段
VQKWL40,6.0,南,0,21,45.705097,5.01,0.9268,0.0,成功路二段373號前,成功路二段
VQKWL40,6.0,南,0,22,48.20714,4.0150003,0.878,0.0,成功路二段373號前,成功路二段
VQKWL40,6.0,南,0,23,48.196316,3.505,0.0732,0.0,成功路二段373號前,成功路二段
VQKWL40,6.0,南,1,0,50.943962,2.145,0.0,0.0,成功路二段373號前,成功路二段
VQKWL40,6.0,南,1,1,53.1477031143,1.19242856857,0.0,0.0,成功路二段373號前,成功路二段
VQKWL40,6.0,南,1,2,52.9243468824,0.843285713714,0.0,0.0,成功路二段373號前,成功路二段
VQKWL40,6.0,南,1,3,54.5764184857,0.602142855714,0.0,0.0,成功路二段373號前,成功路二段
VQKWL40,6.0,南,1,4,54.4055522941,0.542031250625,0.0,0.0,成功路二段373號前,成功路二段
VQKWL40,6.0,南,1,5,53.9451982941,0.851571437143,0.0244,0.0,成功路二段373號前,成功路二段
VQKWL40,6.0,南,1,6,52.8316108529,1.10085715086,0.0,0.0,成功路二段373號前,成功路二段
VQKWL40,6.0,南,1,7,48.460167,2.6,0.3659,0.0,成功路二段373號前,成功路二段
VQKWL40,6.0,南,1,8,52.838528,2.725,0.9512,0.0,成功路二段373號前,成功路二段
VQKWL40,6.0,南,1,9,49.973015,4.75,0.9512,0.0,成功路二段373號前,成功路二段
VQKWL40,6.0,南,1,10,46.27649,7.08,0.9756,0.0,成功路二段373號前,成功路二段
VQKWL40,6.0,南,1,11,45.246616,7.705,0.9756,0.0,成功路二段373號前,成功路二段
VQKWL40,6.0,南,1,12,44.098804,9.015,0.9756,0.0,成功路二段373號前,成功路二段
VQKWL40,6.0,南,1,13,45.60071,7.595,0.9756,0.0,成功路二段373號前,成功路二段
VQKWL40,6.0,南,1,14,43.93928,9.055,0.9756,0.0,成功路二段373號前,成功路二段
VQKWL40,6.0,南,1,15,44.073338,8.92,0.9756,0.0,成功路二段373號前,成功路二段
VQKWL40,6.0,南,1,16,44.709167,7.99,0.9756,0.0,成功路二段373號前,成功路二段
VQKWL40,6.0,南,1,17,45.036865,7.63,0.9756,0.0,成功路二段373號前,成功路二段
VQKWL40,6.0,南,1,18,42.036915,9.705,0.9756,0.0,成功路二段373號前,成功路二段
VQKWL40,6.0,南,1,19,41.106167,8.1,0.9756,0.187,成功路二段373號前,成功路二段
VQKWL40,6.0,南,1,20,43.8644,6.4,0.9756,0.0,成功路二段373號前,成功路二段
VQKWL40,6.0,南,1,21,45.743275,5.615,0.9268,0.0,成功路二段373號前,成功路二段
VQKWL40,6.0,南,1,22,46.911446,4.6499996,0.8049,0.0,成功路二段373號前,成功路二段
VQKWL40,6.0,南,1,23,48.696415,3.3200002,0.122,0.0,成功路二段373號前,成功路二段
VQKWL40,6.0,南,2,0,52.661755,1.875,0.0,0.0,成功路二段373號前,成功路二段
VQKWL40,6.0,南,2,1,51.8489055405,1.22486486081,0.0,0.0,成功路二段373號前,成功路二段
VQKWL40,6.0,南,2,2,52.3956884865,0.851081083243,0.0,0.0,成功路二段373號前,成功路二段
VQKWL40,6.0,南,2,3,53.7833229167,0.602916663056,0.0,0.0,成功路二段373號前,成功路二段
VQKWL40,6.0,南,2,4,53.5500511143,0.520694444444,0.0,0.0,成功路二段373號前,成功路二段
VQKWL40,6.0,南,2,5,54.06160075,0.598648642162,0.0,0.0,成功路二段373號前,成功路二段
VQKWL40,6.0,南,2,6,52.0396419189,1.19783783216,0.0,0.0,成功路二段373號前,成功路二段
VQKWL40,6.0,南,2,7,49.1682028974,4.13025642821,0.0732,0.0,成功路二段373號前,成功路二段
VQKWL40,6.0,南,2,8,39.8538328205,13.3429165833,0.9756,0.4995,成功路二段373號前,成功路二段
VQKWL40,6.0,南,2,9,39.6908018857,14.02,0.9756,0.54,成功路二段373號前,成功路二段
VQKWL40,6.0,南,2,10,39.5697237436,14.349999,1.0,0.5627,成功路二段373號前,成功路二段
VQKWL40,6.0,南,2,11,39.355568,11.665,1.0,0.4654,成功路二段373號前,成功路二段
VQKWL40,6.0,南,2,12,41.30857,9.559999,1.0,0.2337,成功路二段373號前,成功路二段
VQKWL40,6.0,南,2,13,44.146656,8.135,1.0,0.0,成功路二段373號前,成功路二段
VQKWL40,6.0,南,2,14,43.229347,8.515,1.0,0.0,成功路二段373號前,成功路二段
VQKWL40,6.0,南,2,15,40.78435,9.555,0.9756,0.2718,成功路二段373號前,成功路二段
VQKWL40,6.0,南,2,16,42.43274,8.8,1.0,0.0,成功路二段373號前,成功路二段
VQKWL40,6.0,南,2,17,41.19946,10.86,1.0,0.2964,成功路二段373號前,成功路二段
VQKWL40,6.0,南,2,18,41.99885,10.185,1.0,0.0,成功路二段373號前,成功路二段
VQKWL40,6.0,南,2,19,42.159603,8.445,1.0,0.0,成功路二段373號前,成功路二段
VQKWL40,6.0,南,2,20,40.99103,7.85,1.0,0.1849,成功路二段373號前,成功路二段
VQKWL40,6.0,南,2,21,41.416405,7.005,0.9756,0.1182,成功路二段373號前,成功路二段
VQKWL40,6.0,南,2,22,40.764145,7.71,0.9268,0.1956,成功路二段373號前,成功路二段
VQKWL40,6.0,南,2,23,47.280743,4.1549997,0.0976,0.0,成功路二段373號前,成功路二段
VQKWL40,6.0,南,3,0,52.00269,2.355,0.0,0.0,成功路二段373號前,成功路二段
VQKWL40,6.0,南,3,1,52.4758122222,1.29541666,0.0,0.0,成功路二段373號前,成功路二段
VQKWL40,6.0,南,3,2,53.3688481667,0.9077777825,0.0,0.0,成功路二段373號前,成功路二段
VQKWL40,6.0,南,3,3,54.0169143333,0.648749998889,0.0,0.0,成功路二段373號前,成功路二段
VQKWL40,6.0,南,3,4,53.9605944375,0.572428569143,0.0,0.0,成功路二段373號前,成功路二段
VQKWL40,6.0,南,3,5,53.7638635455,0.622285718,0.0,0.0,成功路二段373號前,成功路二段
VQKWL40,6.0,南,3,6,53.4228348824,1.13385714114,0.0,0.0,成功路二段373號前,成功路二段
VQKWL40,6.0,南,3,7,48.75881,7.0249996,0.3902,0.0,成功路二段373號前,成功路二段
VQKWL40,6.0,南,3,8,40.550186,14.475,0.9512,0.4962,成功路二段373號前,成功路二段
VQKWL40,6.0,南,3,9,39.644268,14.055,0.9756,0.5449,成功路二段373號前,成功路二段
VQKWL40,6.0,南,3,10,41.708652,10.535,1.0,0.2454,成功路二段373號前,成功路二段
VQKWL40,6.0,南,3,11,43.373234,8.455,1.0,0.0,成功路二段373號前,成功路二段
VQKWL40,6.0,南,3,12,42.96337,9.025,1.0,0.0,成功路二段373號前,成功路二段
VQKWL40,6.0,南,3,13,43.46048,7.505,1.0,0.0,成功路二段373號前,成功路二段
VQKWL40,6.0,南,3,14,42.675117,7.94,1.0,0.0,成功路二段373號前,成功路二段
VQKWL40,6.0,南,3,15,42.476463,9.655,1.0,0.0,成功路二段373號前,成功路二段
VQKWL40,6.0,南,3,16,42.637936,9.535,0.9756,0.0,成功路二段373號前,成功路二段
VQKWL40,6.0,南,3,17,41.526756,9.25,1.0,0.2046,成功路二段373號前,成功路二段
VQKWL40,6.0,南,3,18,43.28392,8.665,1.0,0.0,成功路二段373號前,成功路二段
VQKWL40,6.0,南,3,19,42.82777,8.11,1.0,0.0,成功路二段373號前,成功路二段
VQKWL40,6.0,南,3,20,42.3644,7.18,0.9512,0.0,成功路二段373號前,成功路二段
VQKWL40,6.0,南,3,21,40.711987,7.0,0.9268,0.1696,成功路二段373號前,成功路二段
VQKWL40,6.0,南,3,22,41.407722,6.99,0.8537,0.1182,成功路二段373號前,成功路二段
VQKWL40,6.0,南,3,23,45.62579,4.415,0.1951,0.0,成功路二段373號前,成功路二段
VQ6WK40,3.0,北,4,0,54.675503,2.155,0.0,0.0,成功路2段312巷(單號)對面,成功路2段
VQ6WK40,3.0,北,4,1,52.869915,1.565,0.0,0.0,成功路2段312巷(單號)對面,成功路2段
VQ6WK40,3.0,北,4,2,60.424603,0.855,0.0,0.0,成功路2段312巷(單號)對面,成功路2段
VQ6WK40,3.0,北,4,3,59.052185,0.595,0.0,0.0,成功路2段312巷(單號)對面,成功路2段
VQ6WK40,3.0,北,4,4,58.81235,0.6,0.0,0.0,成功路2段312巷(單號)對面,成功路2段
VQ6WK40,3.0,北,4,5,53.99121,0.605,0.0,0.0,成功路2段312巷(單號)對面,成功路2段
VQ6WK40,3.0,北,4,6,48.69565,1.7549999,0.0,0.0,成功路2段312巷(單號)對面,成功路2段
VQ6WK40,3.0,北,4,7,48.92414,4.86,0.0,0.0,成功路2段312巷(單號)對面,成功路2段
VQ6WK40,3.0,北,4,8,29.513803,16.515,0.439,0.8262,成功路2段312巷(單號)對面,成功路2段
VQ6WK40,3.0,北,4,9,31.119013,16.325,0.5366,0.7728,成功路2段312巷(單號)對面,成功路2段
VQ6WK40,3.0,北,4,10,35.827698,12.88,0.6098,0.5075,成功路2段312巷(單號)對面,成功路2段
VQ6WK40,3.0,北,4,11,42.49986,9.505,0.0488,0.1884,成功路2段312巷(單號)對面,成功路2段
VQ6WK40,3.0,北,4,12,42.480457,8.855,0.0244,0.1644,成功路2段312巷(單號)對面,成功路2段
VQ6WK40,3.0,北,4,13,44.467354,7.955,0.0,0.0,成功路2段312巷(單號)對面,成功路2段
VQ6WK40,3.0,北,4,14,41.864594,8.7,0.0,0.1763,成功路2段312巷(單號)對面,成功路2段
VQ6WK40,3.0,北,4,15,38.44764,10.605,0.0732,0.3464,成功路2段312巷(單號)對面,成功路2段
VQ6WK40,3.0,北,4,16,43.232452,8.535,0.0732,0.0,成功路2段312巷(單號)對面,成功路2段
VQ6WK40,3.0,北,4,17,37.39547,10.71,0.1463,0.3806,成功路2段312巷(單號)對面,成功路2段
VQ6WK40,3.0,北,4,18,36.264744,12.295,0.6098,0.4729,成功路2段312巷(單號)對面,成功路2段
VQ6WK40,3.0,北,4,19,35.53892,12.495,0.7317,0.5013,成功路2段312巷(單號)對面,成功路2段
VQ6WK40,3.0,北,4,20,39.431408,9.2,0.6098,0.2652,成功路2段312巷(單號)對面,成功路2段
VQ6WK40,3.0,北,4,21,42.539253,7.28,0.0488,0.1034,成功路2段312巷(單號)對面,成功路2段
VQ6WK40,3.0,北,4,22,46.793686,5.88,0.0,0.0,成功路2段312巷(單號)對面,成功路2段
VQ6WK40,3.0,北,4,23,46.50828,5.53,0.0,0.0,成功路2段312巷(單號)對面,成功路2段
VQ6WK40,3.0,北,5,0,52.005165,2.6299999,0.0,0.0,成功路2段312巷(單號)對面,成功路2段
VQ6WK40,3.0,北,5,1,54.584137,2.1100001,0.0,0.0,成功路2段312巷(單號)對面,成功路2段
VQ6WK40,3.0,北,5,2,57.184036,1.225,0.0,0.0,成功路2段312巷(單號)對面,成功路2段
VQ6WK40,3.0,北,5,3,59.239086,0.83,0.0,0.0,成功路2段312巷(單號)對面,成功路2段
VQ6WK40,3.0,北,5,4,57.6742923784,0.675,0.0,0.0,成功路2段312巷(單號)對面,成功路2段
VQ6WK40,3.0,北,5,5,54.389374,0.845,0.0,0.0,成功路2段312巷(單號)對面,成功路2段
VQ6WK40,3.0,北,5,6,53.255577,1.5550001,0.0,0.0,成功路2段312巷(單號)對面,成功路2段
VQ6WK40,3.0,北,5,7,50.290733,3.02,0.0,0.0,成功路2段312巷(單號)對面,成功路2段
VQ6WK40,3.0,北,5,8,48.430046,5.08,0.0,0.0,成功路2段312巷(單號)對面,成功路2段
VQ6WK40,3.0,北,5,9,45.135292,6.835,0.0244,0.0,成功路2段312巷(單號)對面,成功路2段
VQ6WK40,3.0,北,5,10,43.543716,8.16,0.0244,0.0,成功路2段312巷(單號)對面,成功路2段
VQ6WK40,3.0,北,5,11,43.473804,8.6,0.0244,0.0,成功路2段312巷(單號)對面,成功路2段
VQ6WK40,3.0,北,5,12,44.18741,7.665,0.0,0.0,成功路2段312巷(單號)對面,成功路2段
VQ6WK40,3.0,北,5,13,45.474316,6.72,0.0,0.0,成功路2段312巷(單號)對面,成功路2段
VQ6WK40,3.0,北,5,14,44.27049,7.17,0.0,0.0,成功路2段312巷(單號)對面,成功路2段
VQ6WK40,3.0,北,5,15,43.75761,7.77,0.0,0.0,成功路2段312巷(單號)對面,成功路2段
VQ6WK40,3.0,北,5,16,44.3366,7.265,0.0,0.0,成功路2段312巷(單號)對面,成功路2段
VQ6WK40,3.0,北,5,17,45.926178,6.815,0.0,0.0,成功路2段312巷(單號)對面,成功路2段
VQ6WK40,3.0,北,5,18,43.846386,7.78,0.0732,0.0,成功路2段312巷(單號)對面,成功路2段
VQ6WK40,3.0,北,5,19,43.75132,7.04,0.0732,0.0,成功路2段312巷(單號)對面,成功路2段
VQ6WK40,3.0,北,5,20,43.547832,6.29,0.0,0.0,成功路2段312巷(單號)對面,成功路2段
VQ6WK40,3.0,北,5,21,44.813686,5.44,0.0,0.0,成功路2段312巷(單號)對面,成功路2段
VQ6WK40,3.0,北,5,22,43.94203,6.0,0.0,0.0,成功路2段312巷(單號)對面,成功路2段
VQ6WK40,3.0,北,5,23,45.48705,5.165,0.0488,0.0,成功路2段312巷(單號)對面,成功路2段
VQ6WK40,3.0,北,6,0,49.483997,2.975,0.0,0.0,成功路2段312巷(單號)對面,成功路2段
VQ6WK40,3.0,北,6,1,50.675766,1.71,0.0,0.0,成功路2段312巷(單號)對面,成功路2段
VQ6WK40,3.0,北,6,2,60.890835,1.015,0.0,0.0,成功路2段312巷(單號)對面,成功路2段
VQ6WK40,3.0,北,6,3,59.04212,0.685,0.0,0.0,成功路2段312巷(單號)對面,成功路2段
VQ6WK40,3.0,北,6,4,59.510002,0.65500003,0.0,0.0,成功路2段312巷(單號)對面,成功路2段
VQ6WK40,3.0,北,6,5,56.81162,0.595,0.0,0.0,成功路2段312巷(單號)對面,成功路2段
VQ6WK40,3.0,北,6,6,51.058857,1.1949999,0.0,0.0,成功路2段312巷(單號)對面,成功路2段
VQ6WK40,3.0,北,6,7,51.304924,2.245,0.0,0.0,成功路2段312巷(單號)對面,成功路2段
VQ6WK40,3.0,北,6,8,49.02178,3.98,0.0,0.0,成功路2段312巷(單號)對面,成功路2段
VQ6WK40,3.0,北,6,9,49.47078,4.1800003,0.0,0.0,成功路2段312巷(單號)對面,成功路2段
VQ6WK40,3.0,北,6,10,47.866783,5.865,0.0244,0.0,成功路2段312巷(單號)對面,成功路2段
VQ6WK40,3.0,北,6,11,46.705437,6.2,0.0,0.0,成功路2段312巷(單號)對面,成功路2段
VQ6WK40,3.0,北,6,12,49.299088,5.395,0.0,0.0,成功路2段312巷(單號)對面,成功路2段
VQ6WK40,3.0,北,6,13,47.338547,5.695,0.0,0.0,成功路2段312巷(單號)對面,成功路2段
VQ6WK40,3.0,北,6,14,45.820564,6.1800003,0.0,0.0,成功路2段312巷(單號)對面,成功路2段
VQ6WK40,3.0,北,6,15,44.522167,6.445,0.0,0.0,成功路2段312巷(單號)對面,成功路2段
VQ6WK40,3.0,北,6,16,46.821716,5.29,0.0,0.0,成功路2段312巷(單號)對面,成功路2段
VQ6WK40,3.0,北,6,17,47.451176,5.13,0.0,0.0,成功路2段312巷(單號)對面,成功路2段
VQ6WK40,3.0,北,6,18,47.15022,5.46,0.0,0.0,成功路2段312巷(單號)對面,成功路2段
VQ6WK40,3.0,北,6,19,44.653706,6.0,0.0244,0.0,成功路2段312巷(單號)對面,成功路2段
VQ6WK40,3.0,北,6,20,44.786514,5.5950003,0.0244,0.0,成功路2段312巷(單號)對面,成功路2段
VQ6WK40,3.0,北,6,21,45.47557,5.8,0.0244,0.0,成功路2段312巷(單號)對面,成功路2段
VQ6WK40,3.0,北,6,22,46.305733,4.925,0.0,0.0,成功路2段312巷(單號)對面,成功路2段
VQ6WK40,3.0,北,6,23,48.62213,3.7649999,0.0,0.0,成功路2段312巷(單號)對面,成功路2段
VQ6WK40,3.0,北,0,0,54.98787,2.275,0.0,0.0,成功路2段312巷(單號)對面,成功路2段
VQ6WK40,3.0,北,0,1,54.820457,1.615,0.0,0.0,成功路2段312巷(單號)對面,成功路2段
VQ6WK40,3.0,北,0,2,58.037395,0.955,0.0,0.0,成功路2段312巷(單號)對面,成功路2段
VQ6WK40,3.0,北,0,3,59.98358,0.615,0.0,0.0,成功路2段312巷(單號)對面,成功路2段
VQ6WK40,3.0,北,0,4,56.06589,0.47500002,0.0,0.0,成功路2段312巷(單號)對面,成功路2段
VQ6WK40,3.0,北,0,5,55.960094,0.65999997,0.0,0.0,成功路2段312巷(單號)對面,成功路2段
VQ6WK40,3.0,北,0,6,54.529877,1.085,0.0,0.0,成功路2段312巷(單號)對面,成功路2段
VQ6WK40,3.0,北,0,7,51.84185,2.1399999,0.0,0.0,成功路2段312巷(單號)對面,成功路2段
VQ6WK40,3.0,北,0,8,48.676987,3.565,0.439,0.0,成功路2段312巷(單號)對面,成功路2段
VQ6WK40,3.0,北,0,9,48.123924,3.875,0.4878,0.0,成功路2段312巷(單號)對面,成功路2段
VQ6WK40,3.0,北,0,10,47.82617,4.86,0.6341,0.0,成功路2段312巷(單號)對面,成功路2段
VQ6WK40,3.0,北,0,11,46.315403,5.495,0.0,0.0,成功路2段312巷(單號)對面,成功路2段
VQ6WK40,3.0,北,0,12,48.718987,4.82,0.0,0.0,成功路2段312巷(單號)對面,成功路2段
VQ6WK40,3.0,北,0,13,48.35784,5.03,0.0,0.0,成功路2段312巷(單號)對面,成功路2段
VQ6WK40,3.0,北,0,14,46.028915,6.0499997,0.0244,0.0,成功路2段312巷(單號)對面,成功路2段
VQ6WK40,3.0,北,0,15,44.181732,6.9500003,0.0732,0.0,成功路2段312巷(單號)對面,成功路2段
VQ6WK40,3.0,北,0,16,45.229595,6.425,0.0976,0.0,成功路2段312巷(單號)對面,成功路2段
VQ6WK40,3.0,北,0,17,44.98157,6.04,0.122,0.0,成功路2段312巷(單號)對面,成功路2段
VQ6WK40,3.0,北,0,18,45.97151,5.905,0.5122,0.0,成功路2段312巷(單號)對面,成功路2段
VQ6WK40,3.0,北,0,19,45.10112,5.585,0.7805,0.0,成功路2段312巷(單號)對面,成功路2段
VQ6WK40,3.0,北,0,20,43.801445,5.61,0.3171,0.0,成功路2段312巷(單號)對面,成功路2段
VQ6WK40,3.0,北,0,21,43.48543,5.4700003,0.0,0.0,成功路2段312巷(單號)對面,成功路2段
VQ6WK40,3.0,北,0,22,46.966625,5.145,0.0,0.0,成功路2段312巷(單號)對面,成功路2段
VQ6WK40,3.0,北,0,23,48.364197,3.85,0.0,0.0,成功路2段312巷(單號)對面,成功路2段
VQ6WK40,3.0,北,1,0,51.488068,2.605,0.0,0.0,成功路2段312巷(單號)對面,成功路2段
VQ6WK40,3.0,北,1,1,52.513412,2.0,0.0,0.0,成功路2段312巷(單號)對面,成功路2段
VQ6WK40,3.0,北,1,2,57.24531,1.19,0.0,0.0,成功路2段312巷(單號)對面,成功路2段
VQ6WK40,3.0,北,1,3,58.05,0.95500004,0.0,0.0,成功路2段312巷(單號)對面,成功路2段
VQ6WK40,3.0,北,1,4,58.457054,0.77,0.0,0.0,成功路2段312巷(單號)對面,成功路2段
VQ6WK40,3.0,北,1,5,55.51143,0.645,0.0,0.0,成功路2段312巷(單號)對面,成功路2段
VQ6WK40,3.0,北,1,6,54.927895,1.015,0.0,0.0,成功路2段312巷(單號)對面,成功路2段
VQ6WK40,3.0,北,1,7,52.230934,2.245,0.0,0.0,成功路2段312巷(單號)對面,成功路2段
VQ6WK40,3.0,北,1,8,48.680874,4.215,0.5122,0.0,成功路2段312巷(單號)對面,成功路2段
VQ6WK40,3.0,北,1,9,48.031326,4.8450003,0.5122,0.0,成功路2段312巷(單號)對面,成功路2段
VQ6WK40,3.0,北,1,10,42.611813,6.925,0.5854,0.0879,成功路2段312巷(單號)對面,成功路2段
VQ6WK40,3.0,北,1,11,43.7254,7.3450003,0.0,0.0,成功路2段312巷(單號)對面,成功路2段
VQ6WK40,3.0,北,1,12,43.615253,6.96,0.0,0.0,成功路2段312巷(單號)對面,成功路2段
VQ6WK40,3.0,北,1,13,46.91084,5.63,0.0,0.0,成功路2段312巷(單號)對面,成功路2段
VQ6WK40,3.0,北,1,14,43.006283,6.9849997,0.0244,0.0788,成功路2段312巷(單號)對面,成功路2段
VQ6WK40,3.0,北,1,15,43.77551,7.7700005,0.0488,0.0,成功路2段312巷(單號)對面,成功路2段
VQ6WK40,3.0,北,1,16,42.024,7.815,0.0488,0.1384,成功路2段312巷(單號)對面,成功路2段
VQ6WK40,3.0,北,1,17,44.523026,7.21,0.122,0.0,成功路2段312巷(單號)對面,成功路2段
VQ6WK40,3.0,北,1,18,44.903175,7.34,0.561,0.0,成功路2段312巷(單號)對面,成功路2段
VQ6WK40,3.0,北,1,19,43.596916,6.8900003,0.6585,0.0,成功路2段312巷(單號)對面,成功路2段
VQ6WK40,3.0,北,1,20,43.362507,6.28,0.3902,0.0,成功路2段312巷(單號)對面,成功路2段
VQ6WK40,3.0,北,1,21,44.391407,6.015,0.0244,0.0,成功路2段312巷(單號)對面,成功路2段
VQ6WK40,3.0,北,1,22,44.7876,5.96,0.0,0.0,成功路2段312巷(單號)對面,成功路2段
VQ6WK40,3.0,北,1,23,48.38738,3.75,0.0,0.0,成功路2段312巷(單號)對面,成功路2段
VQ6WK40,3.0,北,2,0,50.541725,2.24,0.0,0.0,成功路2段312巷(單號)對面,成功路2段
VQ6WK40,3.0,北,2,1,55.160263,1.4499999,0.0,0.0,成功路2段312巷(單號)對面,成功路2段
VQ6WK40,3.0,北,2,2,57.098484,0.865,0.0,0.0,成功路2段312巷(單號)對面,成功路2段
VQ6WK40,3.0,北,2,3,56.967144,0.62,0.0,0.0,成功路2段312巷(單號)對面,成功路2段
VQ6WK40,3.0,北,2,4,60.208824,0.551794870513,0.0,0.0,成功路2段312巷(單號)對面,成功路2段
VQ6WK40,3.0,北,2,5,54.636143,0.555,0.0,0.0,成功路2段312巷(單號)對面,成功路2段
VQ6WK40,3.0,北,2,6,51.718655,1.49,0.0,0.0,成功路2段312巷(單號)對面,成功路2段
VQ6WK40,3.0,北,2,7,49.604908,2.615,0.0,0.0,成功路2段312巷(單號)對面,成功路2段
VQ6WK40,3.0,北,2,8,37.9393142051,11.8879488462,0.3415,0.4094,成功路2段312巷(單號)對面,成功路2段
VQ6WK40,3.0,北,2,9,41.03731,12.32,0.6098,0.3366,成功路2段312巷(單號)對面,成功路2段
VQ6WK40,3.0,北,2,10,40.962894,10.235001,0.561,0.2601,成功路2段312巷(單號)對面,成功路2段
VQ6WK40,3.0,北,2,11,43.651337,8.505,0.0976,0.0,成功路2段312巷(單號)對面,成功路2段
VQ6WK40,3.0,北,2,12,45.12694,7.2300005,0.0,0.0,成功路2段312巷(單號)對面,成功路2段
VQ6WK40,3.0,北,2,13,44.333057,7.74,0.0,0.0,成功路2段312巷(單號)對面,成功路2段
VQ6WK40,3.0,北,2,14,44.245384,7.715,0.0,0.0,成功路2段312巷(單號)對面,成功路2段
VQ6WK40,3.0,北,2,15,37.05609,11.684999,0.0976,0.4272,成功路2段312巷(單號)對面,成功路2段
VQ6WK40,3.0,北,2,16,41.285847,8.57,0.0976,0.1881,成功路2段312巷(單號)對面,成功路2段
VQ6WK40,3.0,北,2,17,38.43946,11.13,0.122,0.3664,成功路2段312巷(單號)對面,成功路2段
VQ6WK40,3.0,北,2,18,39.446934,10.76,0.4634,0.3235,成功路2段312巷(單號)對面,成功路2段
VQ6WK40,3.0,北,2,19,36.21792,12.275,0.8293,0.4735,成功路2段312巷(單號)對面,成功路2段
VQ6WK40,3.0,北,2,20,34.70558,11.325,0.5122,0.4812,成功路2段312巷(單號)對面,成功路2段
VQ6WK40,3.0,北,2,21,35.754284,7.36,0.0488,0.3016,成功路2段312巷(單號)對面,成功路2段
VQ6WK40,3.0,北,2,22,39.22133,6.35,0.0,0.1638,成功路2段312巷(單號)對面,成功路2段
VQ6WK40,3.0,北,2,23,46.370552,5.085,0.0,0.0,成功路2段312巷(單號)對面,成功路2段
VQ6WK40,3.0,北,3,0,50.892616,2.115,0.0,0.0,成功路2段312巷(單號)對面,成功路2段
VQ6WK40,3.0,北,3,1,53.287735,1.59,0.0,0.0,成功路2段312巷(單號)對面,成功路2段
VQ6WK40,3.0,北,3,2,54.27677,0.83500004,0.0,0.0,成功路2段312巷(單號)對面,成功路2段
VQ6WK40,3.0,北,3,3,60.733418,0.515,0.0,0.0,成功路2段312巷(單號)對面,成功路2段
VQ6WK40,3.0,北,3,4,59.275005,0.595,0.0,0.0,成功路2段312巷(單號)對面,成功路2段
VQ6WK40,3.0,北,3,5,57.90907,0.53,0.0,0.0,成功路2段312巷(單號)對面,成功路2段
VQ6WK40,3.0,北,3,6,49.52084,1.5,0.0,0.0,成功路2段312巷(單號)對面,成功路2段
VQ6WK40,3.0,北,3,7,46.628155,5.4849997,0.0,0.0,成功路2段312巷(單號)對面,成功路2段
VQ6WK40,3.0,北,3,8,38.984985,11.16,0.5854,0.3519,成功路2段312巷(單號)對面,成功路2段
VQ6WK40,3.0,北,3,9,41.070736,11.32,0.561,0.2979,成功路2段312巷(單號)對面,成功路2段
VQ6WK40,3.0,北,3,10,37.43904,11.945,0.7805,0.4259,成功路2段312巷(單號)對面,成功路2段
VQ6WK40,3.0,北,3,11,38.731174,12.255,0.0,0.4005,成功路2段312巷(單號)對面,成功路2段
VQ6WK40,3.0,北,3,12,41.084526,10.905,0.0,0.2819,成功路2段312巷(單號)對面,成功路2段
VQ6WK40,3.0,北,3,13,47.23635,6.85,0.0,0.0,成功路2段312巷(單號)對面,成功路2段
VQ6WK40,3.0,北,3,14,41.67182,9.235,0.0244,0.202,成功路2段312巷(單號)對面,成功路2段
VQ6WK40,3.0,北,3,15,40.916016,9.3949995,0.0244,0.2298,成功路2段312巷(單號)對面,成功路2段
VQ6WK40,3.0,北,3,16,37.90315,11.245001,0.0732,0.3862,成功路2段312巷(單號)對面,成功路2段
VQ6WK40,3.0,北,3,17,39.848446,9.719999,0.0,0.2728,成功路2段312巷(單號)對面,成功路2段
VQ6WK40,3.0,北,3,18,38.160484,11.860001,0.4146,0.402,成功路2段312巷(單號)對面,成功路2段
VQ6WK40,3.0,北,3,19,38.360325,11.0,0.6098,0.3638,成功路2段312巷(單號)對面,成功路2段
VQ6WK40,3.0,北,3,20,40.812355,8.559999,0.1951,0.2013,成功路2段312巷(單號)對面,成功路2段
VQ6WK40,3.0,北,3,21,41.945477,7.505,0.0,0.1289,成功路2段312巷(單號)對面,成功路2段
VQ6WK40,3.0,北,3,22,47.51027,5.43,0.0,0.0,成功路2段312巷(單號)對面,成功路2段
VQ6WK40,3.0,北,3,23,47.885315,4.525,0.0,0.0,成功路2段312巷(單號)對面,成功路2段
VQ6WK40,4.0,南,4,0,50.59922,2.7,0.0,0.0,成功路2段312巷(單號)對面,成功路2段
VQ6WK40,4.0,南,4,1,51.447014,1.64,0.0,0.0,成功路2段312巷(單號)對面,成功路2段
VQ6WK40,4.0,南,4,2,53.416096,1.22,0.0,0.0,成功路2段312巷(單號)對面,成功路2段
VQ6WK40,4.0,南,4,3,52.42164,0.785,0.0,0.0,成功路2段312巷(單號)對面,成功路2段
VQ6WK40,4.0,南,4,4,54.26161,0.61,0.0,0.0,成功路2段312巷(單號)對面,成功路2段
VQ6WK40,4.0,南,4,5,54.443283,0.925,0.0,0.0,成功路2段312巷(單號)對面,成功路2段
VQ6WK40,4.0,南,4,6,52.410255,1.545,0.0,0.0,成功路2段312巷(單號)對面,成功路2段
VQ6WK40,4.0,南,4,7,46.907616,5.1150002,0.0,0.0,成功路2段312巷(單號)對面,成功路2段
VQ6WK40,4.0,南,4,8,31.223007,19.895,0.9268,0.7678,成功路2段312巷(單號)對面,成功路2段
VQ6WK40,4.0,南,4,9,32.54665,20.365002,0.9268,0.7347,成功路2段312巷(單號)對面,成功路2段
VQ6WK40,4.0,南,4,10,41.611004,12.59,0.9268,0.0,成功路2段312巷(單號)對面,成功路2段
VQ6WK40,4.0,南,4,11,39.96857,12.975,0.9268,0.2723,成功路2段312巷(單號)對面,成功路2段
VQ6WK40,4.0,南,4,12,38.91005,13.615,0.9756,0.3268,成功路2段312巷(單號)對面,成功路2段
VQ6WK40,4.0,南,4,13,39.00621,13.450001,0.9756,0.3189,成功路2段312巷(單號)對面,成功路2段
VQ6WK40,4.0,南,4,14,40.613045,12.610001,0.878,0.2398,成功路2段312巷(單號)對面,成功路2段
VQ6WK40,4.0,南,4,15,39.3088,12.9,0.9512,0.2932,成功路2段312巷(單號)對面,成功路2段
VQ6WK40,4.0,南,4,16,41.57007,12.135,0.9756,0.0,成功路2段312巷(單號)對面,成功路2段
VQ6WK40,4.0,南,4,17,38.35041,14.5199995,0.9756,0.3713,成功路2段312巷(單號)對面,成功路2段
VQ6WK40,4.0,南,4,18,30.644348,21.075,0.9756,0.8205,成功路2段312巷(單號)對面,成功路2段
VQ6WK40,4.0,南,4,19,34.916336,16.89,0.9756,0.5563,成功路2段312巷(單號)對面,成功路2段
VQ6WK40,4.0,南,4,20,37.6611,12.305,0.9268,0.3342,成功路2段312巷(單號)對面,成功路2段
VQ6WK40,4.0,南,4,21,40.892014,10.355,0.9756,0.1679,成功路2段312巷(單號)對面,成功路2段
VQ6WK40,4.0,南,4,22,42.158707,9.285,0.9268,0.0,成功路2段312巷(單號)對面,成功路2段
VQ6WK40,4.0,南,4,23,45.142216,6.38,0.2927,0.0,成功路2段312巷(單號)對面,成功路2段
VQ6WK40,4.0,南,5,0,49.08127,3.7800002,0.0,0.0,成功路2段312巷(單號)對面,成功路2段
VQ6WK40,4.0,南,5,1,52.10748,2.13,0.0,0.0,成功路2段312巷(單號)對面,成功路2段
VQ6WK40,4.0,南,5,2,51.65004,1.9350001,0.0,0.0,成功路2段312巷(單號)對面,成功路2段
VQ6WK40,4.0,南,5,3,54.6686,1.245,0.0,0.0,成功路2段312巷(單號)對面,成功路2段
VQ6WK40,4.0,南,5,4,54.707233,0.995,0.0,0.0,成功路2段312巷(單號)對面,成功路2段
VQ6WK40,4.0,南,5,5,53.2319,1.325,0.0,0.0,成功路2段312巷(單號)對面,成功路2段
VQ6WK40,4.0,南,5,6,51.949703,1.8499999,0.0,0.0,成功路2段312巷(單號)對面,成功路2段
VQ6WK40,4.0,南,5,7,51.399925,3.505,0.0,0.0,成功路2段312巷(單號)對面,成功路2段
VQ6WK40,4.0,南,5,8,49.21362,5.5299997,0.0732,0.0,成功路2段312巷(單號)對面,成功路2段
VQ6WK40,4.0,南,5,9,45.362747,8.425,0.1463,0.0,成功路2段312巷(單號)對面,成功路2段
VQ6WK40,4.0,南,5,10,40.345272,11.485001,0.7561,0.2181,成功路2段312巷(單號)對面,成功路2段
VQ6WK40,4.0,南,5,11,41.537,10.775,0.9268,0.0,成功路2段312巷(單號)對面,成功路2段
VQ6WK40,4.0,南,5,12,41.37332,10.67,0.9512,0.1598,成功路2段312巷(單號)對面,成功路2段
VQ6WK40,4.0,南,5,13,38.506653,11.555,0.9756,0.284,成功路2段312巷(單號)對面,成功路2段
VQ6WK40,4.0,南,5,14,38.268593,13.165,0.9756,0.3368,成功路2段312巷(單號)對面,成功路2段
VQ6WK40,4.0,南,5,15,41.206642,11.26,1.0,0.1819,成功路2段312巷(單號)對面,成功路2段
VQ6WK40,4.0,南,5,16,42.36997,9.58,0.9024,0.0,成功路2段312巷(單號)對面,成功路2段
VQ6WK40,4.0,南,5,17,40.594048,11.049999,0.9512,0.1974,成功路2段312巷(單號)對面,成功路2段
VQ6WK40,4.0,南,5,18,38.69512,11.545,0.9756,0.2772,成功路2段312巷(單號)對面,成功路2段
VQ6WK40,4.0,南,5,19,39.85585,9.91,0.9512,0.1917,成功路2段312巷(單號)對面,成功路2段
VQ6WK40,4.0,南,5,20,43.633827,6.9300003,0.8049,0.0,成功路2段312巷(單號)對面,成功路2段
VQ6WK40,4.0,南,5,21,45.829998,5.725,0.7073,0.0,成功路2段312巷(單號)對面,成功路2段
VQ6WK40,4.0,南,5,22,43.716454,6.67,0.561,0.0,成功路2段312巷(單號)對面,成功路2段
VQ6WK40,4.0,南,5,23,42.255875,5.48,0.9024,0.0,成功路2段312巷(單號)對面,成功路2段
VQ6WK40,4.0,南,6,0,50.897717,2.825,0.0,0.0,成功路2段312巷(單號)對面,成功路2段
VQ6WK40,4.0,南,6,1,50.837902,1.98,0.0,0.0,成功路2段312巷(單號)對面,成功路2段
VQ6WK40,4.0,南,6,2,53.641487,1.295,0.0,0.0,成功路2段312巷(單號)對面,成功路2段
VQ6WK40,4.0,南,6,3,52.35643,0.815,0.0,0.0,成功路2段312巷(單號)對面,成功路2段
VQ6WK40,4.0,南,6,4,55.909496,0.90500003,0.0,0.0,成功路2段312巷(單號)對面,成功路2段
VQ6WK40,4.0,南,6,5,53.5493529143,0.865,0.0,0.0,成功路2段312巷(單號)對面,成功路2段
VQ6WK40,4.0,南,6,6,52.229866,1.4,0.0,0.0,成功路2段312巷(單號)對面,成功路2段
VQ6WK40,4.0,南,6,7,53.370396,2.4,0.0,0.0,成功路2段312巷(單號)對面,成功路2段
VQ6WK40,4.0,南,6,8,52.295765,3.615,0.0,0.0,成功路2段312巷(單號)對面,成功路2段
VQ6WK40,4.0,南,6,9,48.86096,5.86,0.0,0.0,成功路2段312巷(單號)對面,成功路2段
VQ6WK40,4.0,南,6,10,47.22914,7.165,0.0244,0.0,成功路2段312巷(單號)對面,成功路2段
VQ6WK40,4.0,南,6,11,45.78941,7.5950003,0.0488,0.0,成功路2段312巷(單號)對面,成功路2段
VQ6WK40,4.0,南,6,12,44.56064,8.599999,0.5854,0.0,成功路2段312巷(單號)對面,成功路2段
VQ6WK40,4.0,南,6,13,42.24814,8.764999,0.561,0.0,成功路2段312巷(單號)對面,成功路2段
VQ6WK40,4.0,南,6,14,43.901478,8.34,0.4634,0.0,成功路2段312巷(單號)對面,成功路2段
VQ6WK40,4.0,南,6,15,42.952175,8.73,0.6585,0.0,成功路2段312巷(單號)對面,成功路2段
VQ6WK40,4.0,南,6,16,42.971615,8.1,0.7317,0.0,成功路2段312巷(單號)對面,成功路2段
VQ6WK40,4.0,南,6,17,45.33026,6.95,0.6585,0.0,成功路2段312巷(單號)對面,成功路2段
VQ6WK40,4.0,南,6,18,43.69039,8.1,0.878,0.0,成功路2段312巷(單號)對面,成功路2段
VQ6WK40,4.0,南,6,19,42.22469,7.895,0.8537,0.0,成功路2段312巷(單號)對面,成功路2段
VQ6WK40,4.0,南,6,20,43.383034,6.5299997,0.8293,0.0,成功路2段312巷(單號)對面,成功路2段
VQ6WK40,4.0,南,6,21,43.86237,5.8,0.8293,0.0,成功路2段312巷(單號)對面,成功路2段
VQ6WK40,4.0,南,6,22,45.126923,5.6,0.2195,0.0,成功路2段312巷(單號)對面,成功路2段
VQ6WK40,4.0,南,6,23,44.267315,4.425,0.2195,0.0,成功路2段312巷(單號)對面,成功路2段
VQ6WK40,4.0,南,0,0,50.41349,2.89,0.0,0.0,成功路2段312巷(單號)對面,成功路2段
VQ6WK40,4.0,南,0,1,51.343613,1.795,0.0,0.0,成功路2段312巷(單號)對面,成功路2段
VQ6WK40,4.0,南,0,2,53.76192,1.185,0.0,0.0,成功路2段312巷(單號)對面,成功路2段
VQ6WK40,4.0,南,0,3,54.3557,0.88,0.0,0.0,成功路2段312巷(單號)對面,成功路2段
VQ6WK40,4.0,南,0,4,51.7150835789,0.62,0.0,0.0,成功路2段312巷(單號)對面,成功路2段
VQ6WK40,4.0,南,0,5,52.838062,0.89,0.0,0.0,成功路2段312巷(單號)對面,成功路2段
VQ6WK40,4.0,南,0,6,54.7567,1.1850001,0.0,0.0,成功路2段312巷(單號)對面,成功路2段
VQ6WK40,4.0,南,0,7,52.611423,2.425,0.0,0.0,成功路2段312巷(單號)對面,成功路2段
VQ6WK40,4.0,南,0,8,52.053974,3.46,0.9268,0.0,成功路2段312巷(單號)對面,成功路2段
VQ6WK40,4.0,南,0,9,49.773026,4.6099997,0.9024,0.0,成功路2段312巷(單號)對面,成功路2段
VQ6WK40,4.0,南,0,10,50.239742,5.61,0.9024,0.0,成功路2段312巷(單號)對面,成功路2段
VQ6WK40,4.0,南,0,11,46.847267,7.2650003,0.7561,0.0,成功路2段312巷(單號)對面,成功路2段
VQ6WK40,4.0,南,0,12,45.69619,8.049999,0.9268,0.0,成功路2段312巷(單號)對面,成功路2段
VQ6WK40,4.0,南,0,13,45.476917,7.4449997,0.9756,0.0,成功路2段312巷(單號)對面,成功路2段
VQ6WK40,4.0,南,0,14,45.935432,7.4,0.7561,0.0,成功路2段312巷(單號)對面,成功路2段
VQ6WK40,4.0,南,0,15,44.44052,7.84,0.878,0.0,成功路2段312巷(單號)對面,成功路2段
VQ6WK40,4.0,南,0,16,46.233337,7.4300003,0.9268,0.0,成功路2段312巷(單號)對面,成功路2段
VQ6WK40,4.0,南,0,17,41.8712,8.27,1.0,0.0,成功路2段312巷(單號)對面,成功路2段
VQ6WK40,4.0,南,0,18,41.083824,9.165,1.0,0.1284,成功路2段312巷(單號)對面,成功路2段
VQ6WK40,4.0,南,0,19,40.674465,7.515,1.0,0.0971,成功路2段312巷(單號)對面,成功路2段
VQ6WK40,4.0,南,0,20,42.529926,6.455,1.0,0.0,成功路2段312巷(單號)對面,成功路2段
VQ6WK40,4.0,南,0,21,43.868984,6.0950003,0.8537,0.0,成功路2段312巷(單號)對面,成功路2段
VQ6WK40,4.0,南,0,22,46.307224,5.355,0.6829,0.0,成功路2段312巷(單號)對面,成功路2段
VQ6WK40,4.0,南,0,23,44.86305,4.3849998,0.0,0.0,成功路2段312巷(單號)對面,成功路2段
VQ6WK40,4.0,南,1,0,50.208744,2.555,0.0,0.0,成功路2段312巷(單號)對面,成功路2段
VQ6WK40,4.0,南,1,1,51.17684,1.9000001,0.0,0.0,成功路2段312巷(單號)對面,成功路2段
VQ6WK40,4.0,南,1,2,54.533142,1.185,0.0,0.0,成功路2段312巷(單號)對面,成功路2段
VQ6WK40,4.0,南,1,3,55.72596,0.99,0.0,0.0,成功路2段312巷(單號)對面,成功路2段
VQ6WK40,4.0,南,1,4,54.439373,0.655,0.0,0.0,成功路2段312巷(單號)對面,成功路2段
VQ6WK40,4.0,南,1,5,51.964855,0.71999997,0.0,0.0,成功路2段312巷(單號)對面,成功路2段
VQ6WK40,4.0,南,1,6,52.055443,1.16,0.0,0.0,成功路2段312巷(單號)對面,成功路2段
VQ6WK40,4.0,南,1,7,50.507248,2.45,0.0,0.0,成功路2段312巷(單號)對面,成功路2段
VQ6WK40,4.0,南,1,8,53.687405,3.1750002,0.9512,0.0,成功路2段312巷(單號)對面,成功路2段
VQ6WK40,4.0,南,1,9,51.298172,4.7,0.9512,0.0,成功路2段312巷(單號)對面,成功路2段
VQ6WK40,4.0,南,1,10,47.001785,6.76,0.9024,0.0,成功路2段312巷(單號)對面,成功路2段
VQ6WK40,4.0,南,1,11,44.67278,8.75,0.878,0.0,成功路2段312巷(單號)對面,成功路2段
VQ6WK40,4.0,南,1,12,41.59,10.885,0.9268,0.0,成功路2段312巷(單號)對面,成功路2段
VQ6WK40,4.0,南,1,13,42.677265,9.625,0.9512,0.0,成功路2段312巷(單號)對面,成功路2段
VQ6WK40,4.0,南,1,14,42.316135,10.235,0.8537,0.0,成功路2段312巷(單號)對面,成功路2段
VQ6WK40,4.0,南,1,15,41.04499,10.565,0.9268,0.1683,成功路2段312巷(單號)對面,成功路2段
VQ6WK40,4.0,南,1,16,41.761185,9.755,0.9512,0.0,成功路2段312巷(單號)對面,成功路2段
VQ6WK40,4.0,南,1,17,44.839676,8.825,0.9512,0.0,成功路2段312巷(單號)對面,成功路2段
VQ6WK40,4.0,南,1,18,39.27527,11.42,0.9756,0.2536,成功路2段312巷(單號)對面,成功路2段
VQ6WK40,4.0,南,1,19,38.433083,9.98,0.9756,0.2432,成功路2段312巷(單號)對面,成功路2段
VQ6WK40,4.0,南,1,20,43.856693,7.62,0.9268,0.0,成功路2段312巷(單號)對面,成功路2段
VQ6WK40,4.0,南,1,21,43.78965,7.18,0.878,0.0,成功路2段312巷(單號)對面,成功路2段
VQ6WK40,4.0,南,1,22,46.483086,5.435,0.8293,0.0,成功路2段312巷(單號)對面,成功路2段
VQ6WK40,4.0,南,1,23,44.27307,4.31,0.0,0.0,成功路2段312巷(單號)對面,成功路2段
VQ6WK40,4.0,南,2,0,51.16745,2.495,0.0,0.0,成功路2段312巷(單號)對面,成功路2段
VQ6WK40,4.0,南,2,1,51.904903,1.4150001,0.0,0.0,成功路2段312巷(單號)對面,成功路2段
VQ6WK40,4.0,南,2,2,52.583992,1.14,0.0,0.0,成功路2段312巷(單號)對面,成功路2段
VQ6WK40,4.0,南,2,3,52.51842,0.745,0.0,0.0,成功路2段312巷(單號)對面,成功路2段
VQ6WK40,4.0,南,2,4,52.642,0.625,0.0,0.0,成功路2段312巷(單號)對面,成功路2段
VQ6WK40,4.0,南,2,5,51.462563,0.84499997,0.0,0.0,成功路2段312巷(單號)對面,成功路2段
VQ6WK40,4.0,南,2,6,50.832047,1.6700001,0.0,0.0,成功路2段312巷(單號)對面,成功路2段
VQ6WK40,4.0,南,2,7,51.03558,2.58,0.0,0.0,成功路2段312巷(單號)對面,成功路2段
VQ6WK40,4.0,南,2,8,33.556576775,18.12262505,0.9756,0.6376,成功路2段312巷(單號)對面,成功路2段
VQ6WK40,4.0,南,2,9,38.39563,16.37,0.9756,0.4207,成功路2段312巷(單號)對面,成功路2段
VQ6WK40,4.0,南,2,10,42.663708,11.700001,0.9756,0.0,成功路2段312巷(單號)對面,成功路2段
VQ6WK40,4.0,南,2,11,44.45838,9.975,0.9024,0.0,成功路2段312巷(單號)對面,成功路2段
VQ6WK40,4.0,南,2,12,42.78036,10.55,0.9756,0.0,成功路2段312巷(單號)對面,成功路2段
VQ6WK40,4.0,南,2,13,42.61784,10.99,0.9756,0.0,成功路2段312巷(單號)對面,成功路2段
VQ6WK40,4.0,南,2,14,43.635105,10.225,0.878,0.0,成功路2段312巷(單號)對面,成功路2段
VQ6WK40,4.0,南,2,15,42.066135,11.395,0.9268,0.0,成功路2段312巷(單號)對面,成功路2段
VQ6WK40,4.0,南,2,16,39.998077,12.26,0.9024,0.2516,成功路2段312巷(單號)對面,成功路2段
VQ6WK40,4.0,南,2,17,42.165276,12.07,0.9756,0.0,成功路2段312巷(單號)對面,成功路2段
VQ6WK40,4.0,南,2,18,30.735739,19.7,1.0,0.7794,成功路2段312巷(單號)對面,成功路2段
VQ6WK40,4.0,南,2,19,36.859547,15.115,1.0,0.4396,成功路2段312巷(單號)對面,成功路2段
VQ6WK40,4.0,南,2,20,38.20408,11.75,1.0,0.3,成功路2段312巷(單號)對面,成功路2段
VQ6WK40,4.0,南,2,21,29.082405,12.85,0.9756,0.648,成功路2段312巷(單號)對面,成功路2段
VQ6WK40,4.0,南,2,22,30.217215,11.555,0.878,0.5728,成功路2段312巷(單號)對面,成功路2段
VQ6WK40,4.0,南,2,23,39.52153,7.09,0.0244,0.1255,成功路2段312巷(單號)對面,成功路2段
VQ6WK40,4.0,南,3,0,50.60855,2.81,0.0,0.0,成功路2段312巷(單號)對面,成功路2段
VQ6WK40,4.0,南,3,1,52.511448,1.49,0.0,0.0,成功路2段312巷(單號)對面,成功路2段
VQ6WK40,4.0,南,3,2,52.071064,1.05,0.0,0.0,成功路2段312巷(單號)對面,成功路2段
VQ6WK40,4.0,南,3,3,52.53,0.81000006,0.0,0.0,成功路2段312巷(單號)對面,成功路2段
VQ6WK40,4.0,南,3,4,52.863487,0.645,0.0,0.0,成功路2段312巷(單號)對面,成功路2段
VQ6WK40,4.0,南,3,5,52.134323,0.835,0.0,0.0,成功路2段312巷(單號)對面,成功路2段
VQ6WK40,4.0,南,3,6,52.332638,1.4599999,0.0,0.0,成功路2段312巷(單號)對面,成功路2段
VQ6WK40,4.0,南,3,7,48.90081,5.045,0.0,0.0,成功路2段312巷(單號)對面,成功路2段
VQ6WK40,4.0,南,3,8,29.603048,22.05,0.9512,0.8837,成功路2段312巷(單號)對面,成功路2段
VQ6WK40,4.0,南,3,9,32.38852,20.19,0.9512,0.7353,成功路2段312巷(單號)對面,成功路2段
VQ6WK40,4.0,南,3,10,41.861053,11.785,0.9512,0.0,成功路2段312巷(單號)對面,成功路2段
VQ6WK40,4.0,南,3,11,43.559517,11.1,0.878,0.0,成功路2段312巷(單號)對面,成功路2段
VQ6WK40,4.0,南,3,12,40.06185,12.84,0.9756,0.2653,成功路2段312巷(單號)對面,成功路2段
VQ6WK40,4.0,南,3,13,41.18716,10.799999,0.9268,0.1699,成功路2段312巷(單號)對面,成功路2段
VQ6WK40,4.0,南,3,14,44.209515,10.775,0.7317,0.0,成功路2段312巷(單號)對面,成功路2段
VQ6WK40,4.0,南,3,15,41.500862,12.365,0.9756,0.0,成功路2段312巷(單號)對面,成功路2段
VQ6WK40,4.0,南,3,16,41.847813,11.645,0.9756,0.0,成功路2段312巷(單號)對面,成功路2段
VQ6WK40,4.0,南,3,17,39.994637,12.835,0.9756,0.2675,成功路2段312巷(單號)對面,成功路2段
VQ6WK40,4.0,南,3,18,33.819714,17.404999,0.9756,0.6087,成功路2段312巷(單號)對面,成功路2段
VQ6WK40,4.0,南,3,19,38.20194,13.835,0.9756,0.3576,成功路2段312巷(單號)對面,成功路2段
VQ6WK40,4.0,南,3,20,41.25692,10.165,0.9512,0.1499,成功路2段312巷(單號)對面,成功路2段
VQ6WK40,4.0,南,3,21,40.9751,9.309999,0.9268,0.1361,成功路2段312巷(單號)對面,成功路2段
VQ6WK40,4.0,南,3,22,42.386192,8.54,0.9024,0.0,成功路2段312巷(單號)對面,成功路2段
VQ6WK40,4.0,南,3,23,47.38534,5.205,0.0488,0.0,成功路2段312巷(單號)對面,成功路2段
VQKWL00,7.0,南,4,0,43.266556,4.785,0.5366,0.0,成功路二段380號旁,成功路二段
VQKWL00,7.0,南,4,1,43.57474,3.63,0.0,0.0,成功路二段380號旁,成功路二段
VQKWL00,7.0,南,4,2,43.123775,2.245,0.0,0.0,成功路二段380號旁,成功路二段
VQKWL00,7.0,南,4,3,43.905807,1.03,0.0,0.0,成功路二段380號旁,成功路二段
VQKWL00,7.0,南,4,4,48.837112,0.915,0.0,0.0,成功路二段380號旁,成功路二段
VQKWL00,7.0,南,4,5,44.2333215294,0.95500004,0.0,0.0,成功路二段380號旁,成功路二段
VQKWL00,7.0,南,4,6,45.774128,2.135,0.0,0.0,成功路二段380號旁,成功路二段
VQKWL00,7.0,南,4,7,42.77743,7.5299997,0.3171,0.0,成功路二段380號旁,成功路二段
VQKWL00,7.0,南,4,8,44.13311,12.34,0.2439,0.0,成功路二段380號旁,成功路二段
VQKWL00,7.0,南,4,9,44.58051,11.595,0.3171,0.0,成功路二段380號旁,成功路二段
VQKWL00,7.0,南,4,10,41.48098,13.299999,0.9024,0.0,成功路二段380號旁,成功路二段
VQKWL00,7.0,南,4,11,42.245552,10.66,0.9024,0.0,成功路二段380號旁,成功路二段
VQKWL00,7.0,南,4,12,41.574127,11.03,0.8049,0.0,成功路二段380號旁,成功路二段
VQKWL00,7.0,南,4,13,42.487595,9.515,0.4146,0.0,成功路二段380號旁,成功路二段
VQKWL00,7.0,南,4,14,41.676243,10.335,0.7805,0.0,成功路二段380號旁,成功路二段
VQKWL00,7.0,南,4,15,39.921806,12.105,0.8293,0.3721,成功路二段380號旁,成功路二段
VQKWL00,7.0,南,4,16,40.4659153333,11.3108975256,0.8537,0.3044,成功路二段380號旁,成功路二段
VQKWL00,7.0,南,4,17,40.2634984872,12.3139742308,0.878,0.359,成功路二段380號旁,成功路二段
VQKWL00,7.0,南,4,18,38.6250438718,13.7756757973,0.9512,0.5243,成功路二段380號旁,成功路二段
VQKWL00,7.0,南,4,19,38.1724878462,14.5030000114,0.9512,0.5834,成功路二段380號旁,成功路二段
VQKWL00,7.0,南,4,20,38.3972787949,13.279358941,0.9512,0.5182,成功路二段380號旁,成功路二段
VQKWL00,7.0,南,4,21,40.1745332821,10.9261537949,0.878,0.307,成功路二段380號旁,成功路二段
VQKWL00,7.0,南,4,22,40.7585276154,10.1316667051,0.878,0.2367,成功路二段380號旁,成功路二段
VQKWL00,7.0,南,4,23,42.320184359,8.47307689487,0.3659,0.0,成功路二段380號旁,成功路二段
VQKWL00,7.0,南,5,0,40.2957943421,6.34105263158,0.878,0.1087,成功路二段380號旁,成功路二段
VQKWL00,7.0,南,5,1,41.8150514474,4.0693421,0.0,0.0,成功路二段380號旁,成功路二段
VQKWL00,7.0,南,5,2,41.3765953243,2.80040541081,0.0,0.0,成功路二段380號旁,成功路二段
VQKWL00,7.0,南,5,3,42.6414412703,1.9308108027,0.0,0.0,成功路二段380號旁,成功路二段
VQKWL00,7.0,南,5,4,42.7593613158,1.51078946579,0.0,0.0,成功路二段380號旁,成功路二段
VQKWL00,7.0,南,5,5,43.4511895526,1.46460526842,0.0,0.0,成功路二段380號旁,成功路二段
VQKWL00,7.0,南,5,6,44.6941217895,2.37210526053,0.0,0.0,成功路二段380號旁,成功路二段
VQKWL00,7.0,南,5,7,43.158261,5.32102567436,0.0732,0.0,成功路二段380號旁,成功路二段
VQKWL00,7.0,南,5,8,44.9882038462,6.81448715897,0.0488,0.0,成功路二段380號旁,成功路二段
VQKWL00,7.0,南,5,9,43.3848041538,8.44243582051,0.122,0.0,成功路二段380號旁,成功路二段
VQKWL00,7.0,南,5,10,42.0877008462,9.95999997436,0.3415,0.0,成功路二段380號旁,成功路二段
VQKWL00,7.0,南,5,11,41.2154914722,11.0055128205,0.7561,0.0,成功路二段380號旁,成功路二段
VQKWL00,7.0,南,5,12,41.7378867368,10.5226922282,0.4878,0.0,成功路二段380號旁,成功路二段
VQKWL00,7.0,南,5,13,42.3107828974,9.75320517179,0.2927,0.0,成功路二段380號旁,成功路二段
VQKWL00,7.0,南,5,14,42.5366158718,9.65038464103,0.1951,0.0,成功路二段380號旁,成功路二段
VQKWL00,7.0,南,5,15,42.1869106667,10.0866667179,0.3659,0.0,成功路二段380號旁,成功路二段
VQKWL00,7.0,南,5,16,41.8438143421,10.0408974359,0.5366,0.0,成功路二段380號旁,成功路二段
VQKWL00,7.0,南,5,17,42.0353830789,10.2674358462,0.3171,0.0,成功路二段380號旁,成功路二段
VQKWL00,7.0,南,5,18,41.7815379487,10.5108974359,0.5122,0.0,成功路二段380號旁,成功路二段
VQKWL00,7.0,南,5,19,41.9377313077,9.98705128205,0.439,0.0,成功路二段380號旁,成功路二段
VQKWL00,7.0,南,5,20,41.0523744872,9.16538458205,0.7805,0.1778,成功路二段380號旁,成功路二段
VQKWL00,7.0,南,5,21,41.1693849487,8.81910251282,0.8049,0.0,成功路二段380號旁,成功路二段
VQKWL00,7.0,南,5,22,41.3094913846,9.18769230769,0.7073,0.0,成功路二段380號旁,成功路二段
VQKWL00,7.0,南,5,23,42.9802650513,7.39115380513,0.1707,0.0,成功路二段380號旁,成功路二段
VQKWL00,7.0,南,6,0,40.9625681282,6.0616666641,0.7561,0.0545,成功路二段380號旁,成功路二段
VQKWL00,7.0,南,6,1,42.6615221282,3.81448716667,0.0244,0.0,成功路二段380號旁,成功路二段
VQKWL00,7.0,南,6,2,41.4681547692,2.6939743641,0.0,0.0,成功路二段380號旁,成功路二段
VQKWL00,7.0,南,6,3,42.2414214872,1.88089743846,0.0,0.0,成功路二段380號旁,成功路二段
VQKWL00,7.0,南,6,4,43.1057247632,1.46076921795,0.0,0.0,成功路二段380號旁,成功路二段
VQKWL00,7.0,南,6,5,43.9437978462,1.37038460897,0.0,0.0,成功路二段380號旁,成功路二段
VQKWL00,7.0,南,6,6,45.1159985897,2.09538461026,0.0,0.0,成功路二段380號旁,成功路二段
VQKWL00,7.0,南,6,7,43.5326996154,4.41474358974,0.0488,0.0,成功路二段380號旁,成功路二段
VQKWL00,7.0,南,6,8,45.8463201622,4.35820514872,0.0488,0.0,成功路二段380號旁,成功路二段
VQKWL00,7.0,南,6,9,45.1601324359,5.84333333077,0.0244,0.0,成功路二段380號旁,成功路二段
VQKWL00,7.0,南,6,10,43.8032965128,7.53641023077,0.0488,0.0,成功路二段380號旁,成功路二段
VQKWL00,7.0,南,6,11,43.2608592051,8.06653854359,0.0976,0.0,成功路二段380號旁,成功路二段
VQKWL00,7.0,南,6,12,43.6352708205,8.08769229487,0.0244,0.0,成功路二段380號旁,成功路二段
VQKWL00,7.0,南,6,13,43.9503530256,7.96102569744,0.0732,0.0,成功路二段380號旁,成功路二段
VQKWL00,7.0,南,6,14,43.1368843947,8.69269232821,0.0976,0.0,成功路二段380號旁,成功路二段
VQKWL00,7.0,南,6,15,42.9775683784,9.37448711026,0.122,0.0,成功路二段380號旁,成功路二段
VQKWL00,7.0,南,6,16,43.1010241316,8.97269219231,0.0732,0.0,成功路二段380號旁,成功路二段
VQKWL00,7.0,南,6,17,42.6902477105,9.22115382564,0.1707,0.0,成功路二段380號旁,成功路二段
VQKWL00,7.0,南,6,18,42.7774010541,9.46871779487,0.1951,0.0,成功路二段380號旁,成功路二段
VQKWL00,7.0,南,6,19,42.2696412051,9.08474360769,0.3415,0.0,成功路二段380號旁,成功路二段
VQKWL00,7.0,南,6,20,41.1493384872,9.03141025897,0.7073,0.0,成功路二段380號旁,成功路二段
VQKWL00,7.0,南,6,21,41.2499266053,9.16564094872,0.6585,0.0,成功路二段380號旁,成功路二段
VQKWL00,7.0,南,6,22,42.2615051053,8.61615388462,0.3415,0.0,成功路二段380號旁,成功路二段
VQKWL00,7.0,南,6,23,44.5391987692,5.80769229487,0.0244,0.0,成功路二段380號旁,成功路二段
VQKWL00,7.0,南,0,0,42.1911531026,4.86641027436,0.2195,0.0,成功路二段380號旁,成功路二段
VQKWL00,7.0,南,0,1,44.3111316923,2.55602564872,0.0,0.0,成功路二段380號旁,成功路二段
VQKWL00,7.0,南,0,2,43.2809857949,1.5823077,0.0,0.0,成功路二段380號旁,成功路二段
VQKWL00,7.0,南,0,3,43.1457952564,1.00935897718,0.0,0.0,成功路二段380號旁,成功路二段
VQKWL00,7.0,南,0,4,43.6050094722,0.850925931111,0.0,0.0,成功路二段380號旁,成功路二段
VQKWL00,7.0,南,0,5,43.4980242222,0.871923079231,0.0,0.0,成功路二段380號旁,成功路二段
VQKWL00,7.0,南,0,6,44.7622545882,1.78026314737,0.0,0.0,成功路二段380號旁,成功路二段
VQKWL00,7.0,南,0,7,41.9888917692,7.1080769359,0.3659,0.0,成功路二段380號旁,成功路二段
VQKWL00,7.0,南,0,8,42.6095501795,12.0826922256,0.1951,0.0,成功路二段380號旁,成功路二段
VQKWL00,7.0,南,0,9,42.6577422368,11.696282,0.122,0.0,成功路二段380號旁,成功路二段
VQKWL00,7.0,南,0,10,39.7324505,12.7280262632,0.9268,0.4101,成功路二段380號旁,成功路二段
VQKWL00,7.0,南,0,11,40.0378687949,11.3371794487,0.878,0.3328,成功路二段380號旁,成功路二段
VQKWL00,7.0,南,0,12,40.8753824359,10.6226922821,0.7805,0.2497,成功路二段380號旁,成功路二段
VQKWL00,7.0,南,0,13,42.0779305897,9.79730757692,0.439,0.0,成功路二段380號旁,成功路二段
VQKWL00,7.0,南,0,14,41.3660669487,10.2815385256,0.7073,0.0,成功路二段380號旁,成功路二段
VQKWL00,7.0,南,0,15,40.1259511579,11.3585897051,0.878,0.3281,成功路二段380號旁,成功路二段
VQKWL00,7.0,南,0,16,40.1875015,11.5920513077,0.9512,0.3338,成功路二段380號旁,成功路二段
VQKWL00,7.0,南,0,17,40.6314001579,11.9734616154,0.878,0.3214,成功路二段380號旁,成功路二段
VQKWL00,7.0,南,0,18,38.9689772973,13.8579729459,0.9756,0.5058,成功路二段380號旁,成功路二段
VQKWL00,7.0,南,0,19,38.2359116923,15.0291429714,0.9756,0.6012,成功路二段380號旁,成功路二段
VQKWL00,7.0,南,0,20,38.8723356667,13.0241024872,1.0,0.4773,成功路二段380號旁,成功路二段
VQKWL00,7.0,南,0,21,40.3321385385,10.637307641,0.9024,0.2849,成功路二段380號旁,成功路二段
VQKWL00,7.0,南,0,22,41.7741826923,9.12448737179,0.561,0.0,成功路二段380號旁,成功路二段
VQKWL00,7.0,南,0,23,43.9024542051,6.49884609231,0.0732,0.0,成功路二段380號旁,成功路二段
VQKWL00,7.0,南,1,0,41.4841211538,4.82923077949,0.2195,0.0,成功路二段380號旁,成功路二段
VQKWL00,7.0,南,1,1,43.2880231538,2.52115383846,0.0,0.0,成功路二段380號旁,成功路二段
VQKWL00,7.0,南,1,2,42.4044937436,1.58974358718,0.0,0.0,成功路二段380號旁,成功路二段
VQKWL00,7.0,南,1,3,42.5252913421,1.06358974359,0.0,0.0,成功路二段380號旁,成功路二段
VQKWL00,7.0,南,1,4,43.3706020769,0.889729727568,0.0,0.0,成功路二段380號旁,成功路二段
VQKWL00,7.0,南,1,5,44.7598152308,0.888378372432,0.0,0.0,成功路二段380號旁,成功路二段
VQKWL00,7.0,南,1,6,45.3960161795,2.08192307692,0.0,0.0,成功路二段380號旁,成功路二段
VQKWL00,7.0,南,1,7,42.067624,7.20294876667,0.3415,0.0,成功路二段380號旁,成功路二段
VQKWL00,7.0,南,1,8,42.735384359,12.3485896923,0.1707,0.0,成功路二段380號旁,成功路二段
VQKWL00,7.0,南,1,9,42.4441211538,12.1401281872,0.2927,0.0,成功路二段380號旁,成功路二段
VQKWL00,7.0,南,1,10,38.7499069487,13.3836841842,0.9268,0.5,成功路二段380號旁,成功路二段
VQKWL00,7.0,南,1,11,39.4960726053,11.9829486872,0.9512,0.3942,成功路二段380號旁,成功路二段
VQKWL00,7.0,南,1,12,40.9165513158,10.9606409103,0.8049,0.2611,成功路二段380號旁,成功路二段
VQKWL00,7.0,南,1,13,41.7162019744,9.87820512821,0.4146,0.0,成功路二段380號旁,成功路二段
VQKWL00,7.0,南,1,14,40.9585372308,10.1228206026,0.7561,0.2236,成功路二段380號旁,成功路二段
VQKWL00,7.0,南,1,15,40.2712378974,11.2439743718,0.9512,0.314,成功路二段380號旁,成功路二段
VQKWL00,7.0,南,1,16,40.0700089487,11.643974359,0.9268,0.3435,成功路二段380號旁,成功路二段
VQKWL00,7.0,南,1,17,40.3088811538,11.8980768718,0.8537,0.3388,成功路二段380號旁,成功路二段
VQKWL00,7.0,南,1,18,38.8317211795,13.8767104211,0.9756,0.5153,成功路二段380號旁,成功路二段
VQKWL00,7.0,南,1,19,37.9991687692,14.7048650405,0.9756,0.6028,成功路二段380號旁,成功路二段
VQKWL00,7.0,南,1,20,38.2673707949,13.3575641923,0.9756,0.5297,成功路二段380號旁,成功路二段
VQKWL00,7.0,南,1,21,40.1733167436,10.5735897949,0.9512,0.2924,成功路二段380號旁,成功路二段
VQKWL00,7.0,南,1,22,41.4424548462,9.27448715385,0.7317,0.0,成功路二段380號旁,成功路二段
VQKWL00,7.0,南,1,23,43.3876143333,6.70615383077,0.122,0.0,成功路二段380號旁,成功路二段
VQKWL00,7.0,南,2,0,40.8342018974,4.87384615641,0.3171,0.0,成功路二段380號旁,成功路二段
VQKWL00,7.0,南,2,1,42.4907388974,2.79307691795,0.0,0.0,成功路二段380號旁,成功路二段
VQKWL00,7.0,南,2,2,42.057702,1.77736842763,0.0,0.0,成功路二段380號旁,成功路二段
VQKWL00,7.0,南,2,3,41.8147750789,1.05473684079,0.0,0.0,成功路二段380號旁,成功路二段
VQKWL00,7.0,南,2,4,42.4526462973,0.860000000789,0.0,0.0,成功路二段380號旁,成功路二段
VQKWL00,7.0,南,2,5,43.9352395789,0.948750005278,0.0,0.0,成功路二段380號旁,成功路二段
VQKWL00,7.0,南,2,6,44.5628236216,2.15657893947,0.0,0.0,成功路二段380號旁,成功路二段
VQKWL00,7.0,南,2,7,41.7599883077,7.33166669231,0.5854,0.0,成功路二段380號旁,成功路二段
VQKWL00,7.0,南,2,8,42.6975633846,12.209615359,0.1951,0.0,成功路二段380號旁,成功路二段
VQKWL00,7.0,南,2,9,42.5403590256,11.8976922564,0.2927,0.0,成功路二段380號旁,成功路二段
VQKWL00,7.0,南,2,10,39.3379033077,13.1455128077,0.9756,0.4526,成功路二段380號旁,成功路二段
VQKWL00,7.0,南,2,11,39.6799464615,11.6883332692,1.0,0.3702,成功路二段380號旁,成功路二段
VQKWL00,7.0,南,2,12,40.6111241026,10.8671794872,0.8537,0.2767,成功路二段380號旁,成功路二段
VQKWL00,7.0,南,2,13,41.7691573784,9.97723677632,0.561,0.0,成功路二段380號旁,成功路二段
VQKWL00,7.0,南,2,14,40.7118287297,10.7713158158,0.7317,0.2663,成功路二段380號旁,成功路二段
VQKWL00,7.0,南,2,15,39.7191811842,11.6175675946,0.9512,0.3648,成功路二段380號旁,成功路二段
VQKWL00,7.0,南,2,16,39.8508893947,11.5992105,0.9756,0.3556,成功路二段380號旁,成功路二段
VQKWL00,7.0,南,2,17,39.81904095,12.136999925,0.9024,0.38,成功路二段380號旁,成功路二段
VQKWL00,7.0,南,2,18,38.88078125,13.7766667051,1.0,0.508,成功路二段380號旁,成功路二段
VQKWL00,7.0,南,2,19,37.772048025,14.9563888333,1.0,0.6278,成功路二段380號旁,成功路二段
VQKWL00,7.0,南,2,20,38.414445525,13.348,0.9756,0.5199,成功路二段380號旁,成功路二段
VQKWL00,7.0,南,2,21,40.255879725,10.668374975,0.9268,0.2911,成功路二段380號旁,成功路二段
VQKWL00,7.0,南,2,22,41.516408975,9.44974988,0.5854,0.0,成功路二段380號旁,成功路二段
VQKWL00,7.0,南,2,23,43.457339075,6.9701249575,0.0732,0.0,成功路二段380號旁,成功路二段
VQKWL00,7.0,南,3,0,41.183271875,5.226875,0.5366,0.0,成功路二段380號旁,成功路二段
VQKWL00,7.0,南,3,1,43.10410985,2.831499995,0.0,0.0,成功路二段380號旁,成功路二段
VQKWL00,7.0,南,3,2,42.0806810769,1.79641025897,0.0,0.0,成功路二段380號旁,成功路二段
VQKWL00,7.0,南,3,3,41.9961249189,1.12769231538,0.0,0.0,成功路二段380號旁,成功路二段
VQKWL00,7.0,南,3,4,42.6103101111,1.00175675676,0.0,0.0,成功路二段380號旁,成功路二段
VQKWL00,7.0,南,3,5,44.2357847059,0.976351352432,0.0,0.0,成功路二段380號旁,成功路二段
VQKWL00,7.0,南,3,6,45.5152240833,1.98355262632,0.0,0.0,成功路二段380號旁,成功路二段
VQKWL00,7.0,南,3,7,41.9297101842,7.35736838421,0.5122,0.0,成功路二段380號旁,成功路二段
VQKWL00,7.0,南,3,8,42.8834163684,12.0538157895,0.122,0.0,成功路二段380號旁,成功路二段
VQKWL00,7.0,南,3,9,42.459083,11.8655264026,0.2927,0.0,成功路二段380號旁,成功路二段
VQKWL00,7.0,南,3,10,38.8549745,13.6687501389,0.9512,0.5052,成功路二段380號旁,成功路二段
VQKWL00,7.0,南,3,11,39.2206974359,12.3157692051,0.9268,0.4256,成功路二段380號旁,成功路二段
VQKWL00,7.0,南,3,12,40.4444811282,10.966282,0.878,0.2914,成功路二段380號旁,成功路二段
VQKWL00,7.0,南,3,13,41.6935031538,9.70679484615,0.6098,0.0,成功路二段380號旁,成功路二段
VQKWL00,7.0,南,3,14,41.1429055128,10.1212820179,0.7561,0.0,成功路二段380號旁,成功路二段
VQKWL00,7.0,南,3,15,40.7074281538,10.9223684868,0.8293,0.2728,成功路二段380號旁,成功路二段
VQKWL00,7.0,南,3,16,40.3360764615,11.2938462179,0.9024,0.312,成功路二段380號旁,成功路二段
VQKWL00,7.0,南,3,17,42.054882,11.605,0.8293,0.0,成功路二段380號旁,成功路二段
VQKWL00,7.0,南,3,18,40.111877,12.29,0.9512,0.3677,成功路二段380號旁,成功路二段
VQKWL00,7.0,南,3,19,39.471867,14.5,0.9512,0.5004,成功路二段380號旁,成功路二段
VQKWL00,7.0,南,3,20,38.54367,13.275,0.9512,0.5087,成功路二段380號旁,成功路二段
VQKWL00,7.0,南,3,21,41.943375,9.17,0.8537,0.0,成功路二段380號旁,成功路二段
VQKWL00,7.0,南,3,22,41.705692,9.37,0.7073,0.0,成功路二段380號旁,成功路二段
VQKWL00,7.0,南,3,23,45.025642,5.675,0.122,0.0,成功路二段380號旁,成功路二段
VQKWL00,8.0,北,4,0,49.853046,2.26,0.0,0.0,成功路二段380號旁,成功路二段
VQKWL00,8.0,北,4,1,52.63249,1.2249999,0.0,0.0,成功路二段380號旁,成功路二段
VQKWL00,8.0,北,4,2,54.981117,0.95000005,0.0,0.0,成功路二段380號旁,成功路二段
VQKWL00,8.0,北,4,3,57.66206,0.59499997,0.0,0.0,成功路二段380號旁,成功路二段
VQKWL00,8.0,北,4,4,57.04191,0.52,0.0,0.0,成功路二段380號旁,成功路二段
VQKWL00,8.0,北,4,5,57.320435,0.705,0.0,0.0,成功路二段380號旁,成功路二段
VQKWL00,8.0,北,4,6,51.742756,1.12,0.0,0.0,成功路二段380號旁,成功路二段
VQKWL00,8.0,北,4,7,50.861385,3.455,0.0,0.0,成功路二段380號旁,成功路二段
VQKWL00,8.0,北,4,8,39.48776,11.325001,0.7073,0.3713,成功路二段380號旁,成功路二段
VQKWL00,8.0,北,4,9,34.847225,12.665,0.9268,0.5697,成功路二段380號旁,成功路二段
VQKWL00,8.0,北,4,10,40.965446,9.585,0.7805,0.2467,成功路二段380號旁,成功路二段
VQKWL00,8.0,北,4,11,41.460518,8.7,0.6341,0.1909,成功路二段380號旁,成功路二段
VQKWL00,8.0,北,4,12,41.29308,9.105,0.8537,0.2147,成功路二段380號旁,成功路二段
VQKWL00,8.0,北,4,13,40.44143,8.355,0.4146,0.2046,成功路二段380號旁,成功路二段
VQKWL00,8.0,北,4,14,39.61555,9.215,0.7317,0.2689,成功路二段380號旁,成功路二段
VQKWL00,8.0,北,4,15,37.416157,8.639999,0.9024,0.3064,成功路二段380號旁,成功路二段
VQKWL00,8.0,北,4,16,36.9603976667,9.49333337692,0.9512,0.3596,成功路二段380號旁,成功路二段
VQKWL00,8.0,北,4,17,35.0834554103,10.5891024359,0.9268,0.4657,成功路二段380號旁,成功路二段
VQKWL00,8.0,北,4,18,28.3634142813,13.4445311469,0.9756,0.7958,成功路二段380號旁,成功路二段
VQKWL00,8.0,北,4,19,36.4076777895,9.71282049487,0.9268,0.386,成功路二段380號旁,成功路二段
VQKWL00,8.0,北,4,20,41.3813242821,6.86769229744,0.3659,0.1075,成功路二段380號旁,成功路二段
VQKWL00,8.0,北,4,21,42.0518877692,6.54987174872,0.2439,0.0731,成功路二段380號旁,成功路二段
VQKWL00,8.0,北,4,22,42.3482386923,6.52743593077,0.2439,0.0,成功路二段380號旁,成功路二段
VQKWL00,8.0,北,4,23,46.1103019231,4.74141021795,0.0244,0.0,成功路二段380號旁,成功路二段
VQKWL00,8.0,北,5,0,48.4748787632,2.87894736579,0.0,0.0,成功路二段380號旁,成功路二段
VQKWL00,8.0,北,5,1,50.3089466579,1.86236841579,0.0,0.0,成功路二段380號旁,成功路二段
VQKWL00,8.0,北,5,2,54.2579152222,1.30594593865,0.0,0.0,成功路二段380號旁,成功路二段
VQKWL00,8.0,北,5,3,55.2276577879,0.96972973973,0.0,0.0,成功路二段380號旁,成功路二段
VQKWL00,8.0,北,5,4,56.0017136757,0.859078948684,0.0,0.0,成功路二段380號旁,成功路二段
VQKWL00,8.0,北,5,5,55.4948040541,0.948947371579,0.0,0.0,成功路二段380號旁,成功路二段
VQKWL00,8.0,北,5,6,52.4489897632,1.38815789211,0.0,0.0,成功路二段380號旁,成功路二段
VQKWL00,8.0,北,5,7,50.0457839744,2.71987179231,0.0,0.0,成功路二段380號旁,成功路二段
VQKWL00,8.0,北,5,8,48.3423480769,4.57756407692,0.0488,0.0,成功路二段380號旁,成功路二段
VQKWL00,8.0,北,5,9,45.6176422821,6.12153850769,0.0244,0.0,成功路二段380號旁,成功路二段
VQKWL00,8.0,北,5,10,42.9622790513,7.34615383077,0.2439,0.0,成功路二段380號旁,成功路二段
VQKWL00,8.0,北,5,11,40.4785358718,8.3201282641,0.6585,0.2019,成功路二段380號旁,成功路二段
VQKWL00,8.0,北,5,12,37.1596965385,9.57820516923,0.9756,0.3578,成功路二段380號旁,成功路二段
VQKWL00,8.0,北,5,13,39.4238847179,8.66525643333,0.8049,0.2488,成功路二段380號旁,成功路二段
VQKWL00,8.0,北,5,14,41.0337611795,7.88846156667,0.439,0.1654,成功路二段380號旁,成功路二段
VQKWL00,8.0,北,5,15,40.6406814872,7.84282055641,0.4878,0.1748,成功路二段380號旁,成功路二段
VQKWL00,8.0,北,5,16,40.8388325128,7.61615382051,0.4634,0.1584,成功路二段380號旁,成功路二段
VQKWL00,8.0,北,5,17,40.1118653846,8.08769232821,0.6341,0.2017,成功路二段380號旁,成功路二段
VQKWL00,8.0,北,5,18,36.3102475641,9.51269220769,0.878,0.3795,成功路二段380號旁,成功路二段
VQKWL00,8.0,北,5,19,42.0582312821,6.65999999487,0.2927,0.078,成功路二段380號旁,成功路二段
VQKWL00,8.0,北,5,20,44.5681120513,5.24653841538,0.0732,0.0,成功路二段380號旁,成功路二段
VQKWL00,8.0,北,5,21,45.1297004872,5.01987181026,0.0244,0.0,成功路二段380號旁,成功路二段
VQKWL00,8.0,北,5,22,46.1634474872,4.89974358974,0.0244,0.0,成功路二段380號旁,成功路二段
VQKWL00,8.0,北,5,23,47.5272389744,4.09397435385,0.0,0.0,成功路二段380號旁,成功路二段
VQKWL00,8.0,北,6,0,48.7643781538,2.71474360769,0.0,0.0,成功路二段380號旁,成功路二段
VQKWL00,8.0,北,6,1,50.4630025897,1.85499998205,0.0,0.0,成功路二段380號旁,成功路二段
VQKWL00,8.0,北,6,2,54.1583849231,1.33884615641,0.0,0.0,成功路二段380號旁,成功路二段
VQKWL00,8.0,北,6,3,54.827981973,0.976282049744,0.0,0.0,成功路二段380號旁,成功路二段
VQKWL00,8.0,北,6,4,56.0634718649,0.83192307359,0.0,0.0,成功路二段380號旁,成功路二段
VQKWL00,8.0,北,6,5,55.4693903784,0.895897428205,0.0,0.0,成功路二段380號旁,成功路二段
VQKWL00,8.0,北,6,6,52.6089334615,1.22551283077,0.0,0.0,成功路二段380號旁,成功路二段
VQKWL00,8.0,北,6,7,50.3152121026,2.07256408718,0.0,0.0,成功路二段380號旁,成功路二段
VQKWL00,8.0,北,6,8,50.6223234615,3.02666665385,0.0,0.0,成功路二段380號旁,成功路二段
VQKWL00,8.0,北,6,9,49.5279888205,4.18692307692,0.0,0.0,成功路二段380號旁,成功路二段
VQKWL00,8.0,北,6,10,47.7111917179,5.09320514615,0.0,0.0,成功路二段380號旁,成功路二段
VQKWL00,8.0,北,6,11,45.9623730769,5.77384614103,0.0,0.0,成功路二段380號旁,成功路二段
VQKWL00,8.0,北,6,12,43.5216102051,6.945,0.0732,0.0,成功路二段380號旁,成功路二段
VQKWL00,8.0,北,6,13,44.8558660513,6.16371791538,0.0488,0.0,成功路二段380號旁,成功路二段
VQKWL00,8.0,北,6,14,44.3739854615,6.12615385897,0.0244,0.0,成功路二段380號旁,成功路二段
VQKWL00,8.0,北,6,15,43.9641185385,6.30641026154,0.0732,0.0,成功路二段380號旁,成功路二段
VQKWL00,8.0,北,6,16,43.4365136923,6.42394730789,0.0976,0.0,成功路二段380號旁,成功路二段
VQKWL00,8.0,北,6,17,42.6517194872,6.9994871641,0.1463,0.0,成功路二段380號旁,成功路二段
VQKWL00,8.0,北,6,18,40.2021691026,7.71730771538,0.5854,0.1818,成功路二段380號旁,成功路二段
VQKWL00,8.0,北,6,19,43.8543862051,5.83897434615,0.1463,0.0,成功路二段380號旁,成功路二段
VQKWL00,8.0,北,6,20,45.2947813333,5.17871791282,0.0,0.0,成功路二段380號旁,成功路二段
VQKWL00,8.0,北,6,21,44.8142824615,5.26871795641,0.0,0.0,成功路二段380號旁,成功路二段
VQKWL00,8.0,北,6,22,46.6571533077,4.62435900769,0.0,0.0,成功路二段380號旁,成功路二段
VQKWL00,8.0,北,6,23,49.6555420513,3.23782051538,0.0,0.0,成功路二段380號旁,成功路二段
VQKWL00,8.0,北,0,0,49.6396351795,2.17051281538,0.0,0.0,成功路二段380號旁,成功路二段
VQKWL00,8.0,北,0,1,50.9159272051,1.28576924103,0.0,0.0,成功路二段380號旁,成功路二段
VQKWL00,8.0,北,0,2,53.526111,0.832051284615,0.0,0.0,成功路二段380號旁,成功路二段
VQKWL00,8.0,北,0,3,54.6303086216,0.578472221389,0.0,0.0,成功路二段380號旁,成功路二段
VQKWL00,8.0,北,0,4,55.0098294,0.521562493125,0.0,0.0,成功路二段380號旁,成功路二段
VQKWL00,8.0,北,0,5,53.8729301579,0.546249996111,0.0,0.0,成功路二段380號旁,成功路二段
VQKWL00,8.0,北,0,6,50.6053763846,1.20833332564,0.0,0.0,成功路二段380號旁,成功路二段
VQKWL00,8.0,北,0,7,48.3964313077,3.51730768718,0.0,0.0,成功路二段380號旁,成功路二段
VQKWL00,8.0,北,0,8,39.0302534872,10.8178205667,0.7073,0.361,成功路二段380號旁,成功路二段
VQKWL00,8.0,北,0,9,35.1204277222,11.6011764294,0.9024,0.512,成功路二段380號旁,成功路二段
VQKWL00,8.0,北,0,10,40.2821472051,9.1039744359,0.6829,0.2442,成功路二段380號旁,成功路二段
VQKWL00,8.0,北,0,11,40.939041641,8.31961540513,0.5854,0.1884,成功路二段380號旁,成功路二段
VQKWL00,8.0,北,0,12,40.1171931795,8.64294866667,0.7805,0.2275,成功路二段380號旁,成功路二段
VQKWL00,8.0,北,0,13,42.1147328974,7.59576922308,0.2439,0.0,成功路二段380號旁,成功路二段
VQKWL00,8.0,北,0,14,41.2847430769,7.51705126154,0.3902,0.1407,成功路二段380號旁,成功路二段
VQKWL00,8.0,北,0,15,38.9729535897,8.7405128359,0.9024,0.2655,成功路二段380號旁,成功路二段
VQKWL00,8.0,北,0,16,37.7694224615,9.18102568205,0.9756,0.3213,成功路二段380號旁,成功路二段
VQKWL00,8.0,北,0,17,37.0930597895,9.71320507692,1.0,0.366,成功路二段380號旁,成功路二段
VQKWL00,8.0,北,0,18,30.7587896579,12.4180768974,1.0,0.6778,成功路二段380號旁,成功路二段
VQKWL00,8.0,北,0,19,38.9580747368,8.39434198158,0.8537,0.2498,成功路二段380號旁,成功路二段
VQKWL00,8.0,北,0,20,42.3489169231,6.35128206667,0.2195,0.0,成功路二段380號旁,成功路二段
VQKWL00,8.0,北,0,21,43.4030267436,5.90576924359,0.122,0.0,成功路二段380號旁,成功路二段
VQKWL00,8.0,北,0,22,44.5019047179,5.64910259744,0.0244,0.0,成功路二段380號旁,成功路二段
VQKWL00,8.0,北,0,23,48.2721948974,3.67884616667,0.0,0.0,成功路二段380號旁,成功路二段
VQKWL00,8.0,北,1,0,49.5282491282,2.13525641282,0.0,0.0,成功路二段380號旁,成功路二段
VQKWL00,8.0,北,1,1,51.1933949487,1.3008974359,0.0,0.0,成功路二段380號旁,成功路二段
VQKWL00,8.0,北,1,2,54.0444827179,0.864871795641,0.0,0.0,成功路二段380號旁,成功路二段
VQKWL00,8.0,北,1,3,54.5235508108,0.640897429487,0.0,0.0,成功路二段380號旁,成功路二段
VQKWL00,8.0,北,1,4,54.9558366944,0.553918914865,0.0,0.0,成功路二段380號旁,成功路二段
VQKWL00,8.0,北,1,5,54.7287973333,0.615897437436,0.0,0.0,成功路二段380號旁,成功路二段
VQKWL00,8.0,北,1,6,51.578203641,1.22076923256,0.0,0.0,成功路二段380號旁,成功路二段
VQKWL00,8.0,北,1,7,49.1176682821,3.45435897949,0.0,0.0,成功路二段380號旁,成功路二段
VQKWL00,8.0,北,1,8,38.5895502051,11.1567948462,0.7073,0.3897,成功路二段380號旁,成功路二段
VQKWL00,8.0,北,1,9,35.3845540833,11.6954545,0.9512,0.5087,成功路二段380號旁,成功路二段
VQKWL00,8.0,北,1,10,39.2223534872,9.57269228205,0.7561,0.2972,成功路二段380號旁,成功路二段
VQKWL00,8.0,北,1,11,40.5133621795,8.70371795128,0.6585,0.2188,成功路二段380號旁,成功路二段
VQKWL00,8.0,北,1,12,39.5953122821,8.88307693077,0.878,0.254,成功路二段380號旁,成功路二段
VQKWL00,8.0,北,1,13,42.2910720769,7.35564102564,0.1951,0.0,成功路二段380號旁,成功路二段
VQKWL00,8.0,北,1,14,39.3590416154,8.04487176154,0.878,0.2217,成功路二段380號旁,成功路二段
VQKWL00,8.0,北,1,15,38.1098152051,8.83256422821,0.9268,0.2951,成功路二段380號旁,成功路二段
VQKWL00,8.0,北,1,16,36.4172885641,9.77089742821,0.9756,0.3885,成功路二段380號旁,成功路二段
VQKWL00,8.0,北,1,17,36.0119151026,9.87102579487,0.9756,0.405,成功路二段380號旁,成功路二段
VQKWL00,8.0,北,1,18,29.9004643056,12.8677025946,0.9756,0.7239,成功路二段380號旁,成功路二段
VQKWL00,8.0,北,1,19,37.7599121282,8.86589747949,0.9756,0.3069,成功路二段380號旁,成功路二段
VQKWL00,8.0,北,1,20,42.0436538974,6.39987176667,0.2195,0.0663,成功路二段380號旁,成功路二段
VQKWL00,8.0,北,1,21,43.243902359,6.05692310769,0.122,0.0,成功路二段380號旁,成功路二段
VQKWL00,8.0,北,1,22,43.8914715897,5.67423077179,0.0976,0.0,成功路二段380號旁,成功路二段
VQKWL00,8.0,北,1,23,48.1079300769,3.66230767436,0.0,0.0,成功路二段380號旁,成功路二段
VQKWL00,8.0,北,2,0,48.7703137949,2.19576922821,0.0,0.0,成功路二段380號旁,成功路二段
VQKWL00,8.0,北,2,1,50.1527972821,1.32038461077,0.0,0.0,成功路二段380號旁,成功路二段
VQKWL00,8.0,北,2,2,53.6989287895,0.890263165789,0.0,0.0,成功路二段380號旁,成功路二段
VQKWL00,8.0,北,2,3,53.6092333784,0.656486485676,0.0,0.0,成功路二段380號旁,成功路二段
VQKWL00,8.0,北,2,4,55.2300079189,0.558285713429,0.0,0.0,成功路二段380號旁,成功路二段
VQKWL00,8.0,北,2,5,54.0418523684,0.639999996842,0.0,0.0,成功路二段380號旁,成功路二段
VQKWL00,8.0,北,2,6,50.4329019474,1.27749999316,0.0,0.0,成功路二段380號旁,成功路二段
VQKWL00,8.0,北,2,7,48.6974250513,3.50833332051,0.0,0.0,成功路二段380號旁,成功路二段
VQKWL00,8.0,北,2,8,39.0689122564,10.9089744026,0.6341,0.3641,成功路二段380號旁,成功路二段
VQKWL00,8.0,北,2,9,36.0374497838,11.7477027838,0.9756,0.492,成功路二段380號旁,成功路二段
VQKWL00,8.0,北,2,10,39.9374489744,9.2360255641,0.7561,0.2605,成功路二段380號旁,成功路二段
VQKWL00,8.0,北,2,11,40.3674145641,8.84307689487,0.6829,0.2295,成功路二段380號旁,成功路二段
VQKWL00,8.0,北,2,12,39.7250347949,8.85717939487,0.878,0.249,成功路二段380號旁,成功路二段
VQKWL00,8.0,北,2,13,42.0931420789,7.72355268947,0.2195,0.0,成功路二段380號旁,成功路二段
VQKWL00,8.0,北,2,14,40.2740137368,8.06263157895,0.6341,0.1958,成功路二段380號旁,成功路二段
VQKWL00,8.0,北,2,15,37.6390417179,9.19717957949,0.9756,0.3259,成功路二段380號旁,成功路二段
VQKWL00,8.0,北,2,16,36.5786928718,9.67282052051,1.0,0.3792,成功路二段380號旁,成功路二段
VQKWL00,8.0,北,2,17,35.699610825,10.044500025,0.9756,0.4223,成功路二段380號旁,成功路二段
VQKWL00,8.0,北,2,18,30.2741055714,12.8097368237,1.0,0.7102,成功路二段380號旁,成功路二段
VQKWL00,8.0,北,2,19,37.3495372821,9.1653748875,0.9756,0.3329,成功路二段380號旁,成功路二段
VQKWL00,8.0,北,2,20,41.742350175,6.6604999975,0.2439,0.0873,成功路二段380號旁,成功路二段
VQKWL00,8.0,北,2,21,42.2758696,6.3436249275,0.1463,0.0,成功路二段380號旁,成功路二段
VQKWL00,8.0,北,2,22,43.518982675,5.95599998,0.1463,0.0,成功路二段380號旁,成功路二段
VQKWL00,8.0,北,2,23,47.893903175,3.8185,0.0,0.0,成功路二段380號旁,成功路二段
VQKWL00,8.0,北,3,0,49.204970025,2.3077500075,0.0,0.0,成功路二段380號旁,成功路二段
VQKWL00,8.0,北,3,1,50.8587997,1.3947499975,0.0,0.0,成功路二段380號旁,成功路二段
VQKWL00,8.0,北,3,2,54.0661251282,0.94410256359,0.0,0.0,成功路二段380號旁,成功路二段
VQKWL00,8.0,北,3,3,54.769723,0.693589744615,0.0,0.0,成功路二段380號旁,成功路二段
VQKWL00,8.0,北,3,4,55.1184388649,0.598552632895,0.0,0.0,成功路二段380號旁,成功路二段
VQKWL00,8.0,北,3,5,54.8824040263,0.669605261579,0.0,0.0,成功路二段380號旁,成功路二段
VQKWL00,8.0,北,3,6,51.6839178421,1.2773684,0.0,0.0,成功路二段380號旁,成功路二段
VQKWL00,8.0,北,3,7,49.1823362632,3.56355262105,0.0,0.0,成功路二段380號旁,成功路二段
VQKWL00,8.0,北,3,8,39.0216866053,10.9056579395,0.7561,0.3653,成功路二段380號旁,成功路二段
VQKWL00,8.0,北,3,9,35.7063115405,11.789166725,0.9512,0.5036,成功路二段380號旁,成功路二段
VQKWL00,8.0,北,3,10,39.2352456842,9.83671060526,0.8537,0.3091,成功路二段380號旁,成功路二段
VQKWL00,8.0,北,3,11,40.2026291538,9.00397441282,0.7561,0.2419,成功路二段380號旁,成功路二段
VQKWL00,8.0,北,3,12,39.4326756667,9.1366667,0.8537,0.2706,成功路二段380號旁,成功路二段
VQKWL00,8.0,北,3,13,41.9619404872,7.71461534359,0.2927,0.1301,成功路二段380號旁,成功路二段
VQKWL00,8.0,北,3,14,40.3278576667,8.06474362308,0.7317,0.1943,成功路二段380號旁,成功路二段
VQKWL00,8.0,北,3,15,38.5966376923,8.75179484615,0.9268,0.2771,成功路二段380號旁,成功路二段
VQKWL00,8.0,北,3,16,37.7386518462,8.99987182821,0.9512,0.3138,成功路二段380號旁,成功路二段
VQKWL00,8.0,北,3,17,36.562843,10.34,0.9512,0.4108,成功路二段380號旁,成功路二段
VQKWL00,8.0,北,3,18,34.117485,10.805,0.9512,0.5041,成功路二段380號旁,成功路二段
VQKWL00,8.0,北,3,19,39.39218,8.224999,0.9268,0.2292,成功路二段380號旁,成功路二段
VQKWL00,8.0,北,3,20,42.598663,6.23,0.2439,0.0,成功路二段380號旁,成功路二段
VQKWL00,8.0,北,3,21,44.52924,6.175,0.0976,0.0,成功路二段380號旁,成功路二段
VQKWL00,8.0,北,3,22,45.812996,5.71,0.0244,0.0,成功路二段380號旁,成功路二段
VQKWL00,8.0,北,3,23,46.649258,4.2349997,0.0,0.0,成功路二段380號旁,成功路二段
VSSWC60,9.0,西,4,0,47.03255,1.96,0.0,0.0,成功路(文德路-金龍路)-成功路3段152號前路燈桿(已附掛市警局CCTV),文德路;金龍路;成功路3段
VSSWC60,9.0,西,4,1,48.069893,1.235,0.0,0.0,成功路(文德路-金龍路)-成功路3段152號前路燈桿(已附掛市警局CCTV),文德路;金龍路;成功路3段
VSSWC60,9.0,西,4,2,49.20562,0.6,0.0,0.0,成功路(文德路-金龍路)-成功路3段152號前路燈桿(已附掛市警局CCTV),文德路;金龍路;成功路3段
VSSWC60,9.0,西,4,3,47.44182,0.41500002,0.0,0.0,成功路(文德路-金龍路)-成功路3段152號前路燈桿(已附掛市警局CCTV),文德路;金龍路;成功路3段
VSSWC60,9.0,西,4,4,49.05562,0.265,0.0,0.0,成功路(文德路-金龍路)-成功路3段152號前路燈桿(已附掛市警局CCTV),文德路;金龍路;成功路3段
VSSWC60,9.0,西,4,5,48.425385,0.41500002,0.0,0.0,成功路(文德路-金龍路)-成功路3段152號前路燈桿(已附掛市警局CCTV),文德路;金龍路;成功路3段
VSSWC60,9.0,西,4,6,48.1029,1.0,0.0,0.0,成功路(文德路-金龍路)-成功路3段152號前路燈桿(已附掛市警局CCTV),文德路;金龍路;成功路3段
VSSWC60,9.0,西,4,7,44.8272,2.95,0.0,0.0,成功路(文德路-金龍路)-成功路3段152號前路燈桿(已附掛市警局CCTV),文德路;金龍路;成功路3段
VSSWC60,9.0,西,4,8,38.74673,10.205,0.8293,0.4692,成功路(文德路-金龍路)-成功路3段152號前路燈桿(已附掛市警局CCTV),文德路;金龍路;成功路3段
VSSWC60,9.0,西,4,9,37.162197,10.715,0.8537,0.59,成功路(文德路-金龍路)-成功路3段152號前路燈桿(已附掛市警局CCTV),文德路;金龍路;成功路3段
VSSWC60,9.0,西,4,10,39.97482,7.125,0.561,0.2329,成功路(文德路-金龍路)-成功路3段152號前路燈桿(已附掛市警局CCTV),文德路;金龍路;成功路3段
VSSWC60,9.0,西,4,11,41.008156,6.2,0.6341,0.1226,成功路(文德路-金龍路)-成功路3段152號前路燈桿(已附掛市警局CCTV),文德路;金龍路;成功路3段
VSSWC60,9.0,西,4,12,41.606873,6.225,0.6098,0.0885,成功路(文德路-金龍路)-成功路3段152號前路燈桿(已附掛市警局CCTV),文德路;金龍路;成功路3段
VSSWC60,9.0,西,4,13,41.1604,5.565,0.3659,0.0798,成功路(文德路-金龍路)-成功路3段152號前路燈桿(已附掛市警局CCTV),文德路;金龍路;成功路3段
VSSWC60,9.0,西,4,14,42.5925,5.435,0.3902,0.0,成功路(文德路-金龍路)-成功路3段152號前路燈桿(已附掛市警局CCTV),文德路;金龍路;成功路3段
VSSWC60,9.0,西,4,15,41.243294,6.285,0.561,0.1132,成功路(文德路-金龍路)-成功路3段152號前路燈桿(已附掛市警局CCTV),文德路;金龍路;成功路3段
VSSWC60,9.0,西,4,16,40.635822,5.94,0.7805,0.1308,成功路(文德路-金龍路)-成功路3段152號前路燈桿(已附掛市警局CCTV),文德路;金龍路;成功路3段
VSSWC60,9.0,西,4,17,41.02499,6.62,0.878,0.1439,成功路(文德路-金龍路)-成功路3段152號前路燈桿(已附掛市警局CCTV),文德路;金龍路;成功路3段
VSSWC60,9.0,西,4,18,39.46841,6.515,0.9512,0.2304,成功路(文德路-金龍路)-成功路3段152號前路燈桿(已附掛市警局CCTV),文德路;金龍路;成功路3段
VSSWC60,9.0,西,4,19,40.019444,7.39,0.7317,0.2443,成功路(文德路-金龍路)-成功路3段152號前路燈桿(已附掛市警局CCTV),文德路;金龍路;成功路3段
VSSWC60,9.0,西,4,20,42.655087,5.79,0.2195,0.0,成功路(文德路-金龍路)-成功路3段152號前路燈桿(已附掛市警局CCTV),文德路;金龍路;成功路3段
VSSWC60,9.0,西,4,21,42.002327,7.25,0.2439,0.1196,成功路(文德路-金龍路)-成功路3段152號前路燈桿(已附掛市警局CCTV),文德路;金龍路;成功路3段
VSSWC60,9.0,西,4,22,42.705654,5.88,0.122,0.0,成功路(文德路-金龍路)-成功路3段152號前路燈桿(已附掛市警局CCTV),文德路;金龍路;成功路3段
VSSWC60,9.0,西,4,23,45.2109,4.045,0.0,0.0,成功路(文德路-金龍路)-成功路3段152號前路燈桿(已附掛市警局CCTV),文德路;金龍路;成功路3段
VSSWC60,9.0,西,5,0,46.2,2.885,0.0488,0.0,成功路(文德路-金龍路)-成功路3段152號前路燈桿(已附掛市警局CCTV),文德路;金龍路;成功路3段
VSSWC60,9.0,西,5,1,48.908394,1.695,0.0,0.0,成功路(文德路-金龍路)-成功路3段152號前路燈桿(已附掛市警局CCTV),文德路;金龍路;成功路3段
VSSWC60,9.0,西,5,2,47.7907,1.27,0.0,0.0,成功路(文德路-金龍路)-成功路3段152號前路燈桿(已附掛市警局CCTV),文德路;金龍路;成功路3段
VSSWC60,9.0,西,5,3,47.37881,0.99,0.0,0.0,成功路(文德路-金龍路)-成功路3段152號前路燈桿(已附掛市警局CCTV),文德路;金龍路;成功路3段
VSSWC60,9.0,西,5,4,47.29307,0.76,0.0,0.0,成功路(文德路-金龍路)-成功路3段152號前路燈桿(已附掛市警局CCTV),文德路;金龍路;成功路3段
VSSWC60,9.0,西,5,5,48.235897,0.83,0.0,0.0,成功路(文德路-金龍路)-成功路3段152號前路燈桿(已附掛市警局CCTV),文德路;金龍路;成功路3段
VSSWC60,9.0,西,5,6,47.97941,1.1,0.0,0.0,成功路(文德路-金龍路)-成功路3段152號前路燈桿(已附掛市警局CCTV),文德路;金龍路;成功路3段
VSSWC60,9.0,西,5,7,47.737656,1.44,0.0,0.0,成功路(文德路-金龍路)-成功路3段152號前路燈桿(已附掛市警局CCTV),文德路;金龍路;成功路3段
VSSWC60,9.0,西,5,8,46.60664,2.6100001,0.0488,0.0,成功路(文德路-金龍路)-成功路3段152號前路燈桿(已附掛市警局CCTV),文德路;金龍路;成功路3段
VSSWC60,9.0,西,5,9,44.58302,3.985,0.0976,0.0,成功路(文德路-金龍路)-成功路3段152號前路燈桿(已附掛市警局CCTV),文德路;金龍路;成功路3段
VSSWC60,9.0,西,5,10,41.91302,6.185,0.5122,0.0683,成功路(文德路-金龍路)-成功路3段152號前路燈桿(已附掛市警局CCTV),文德路;金龍路;成功路3段
VSSWC60,9.0,西,5,11,38.43806,8.889999,0.8537,0.4176,成功路(文德路-金龍路)-成功路3段152號前路燈桿(已附掛市警局CCTV),文德路;金龍路;成功路3段
VSSWC60,9.0,西,5,12,38.198223,8.74,0.9512,0.4238,成功路(文德路-金龍路)-成功路3段152號前路燈桿(已附掛市警局CCTV),文德路;金龍路;成功路3段
VSSWC60,9.0,西,5,13,38.97394,8.975,0.878,0.3904,成功路(文德路-金龍路)-成功路3段152號前路燈桿(已附掛市警局CCTV),文德路;金龍路;成功路3段
VSSWC60,9.0,西,5,14,40.0322,7.915,0.9268,0.2715,成功路(文德路-金龍路)-成功路3段152號前路燈桿(已附掛市警局CCTV),文德路;金龍路;成功路3段
VSSWC60,9.0,西,5,15,40.966198,8.075,0.7805,0.2248,成功路(文德路-金龍路)-成功路3段152號前路燈桿(已附掛市警局CCTV),文德路;金龍路;成功路3段
VSSWC60,9.0,西,5,16,40.791763,7.11,0.9268,0.1838,成功路(文德路-金龍路)-成功路3段152號前路燈桿(已附掛市警局CCTV),文德路;金龍路;成功路3段
VSSWC60,9.0,西,5,17,40.050655,7.1499996,0.9512,0.2297,成功路(文德路-金龍路)-成功路3段152號前路燈桿(已附掛市警局CCTV),文德路;金龍路;成功路3段
VSSWC60,9.0,西,5,18,39.46092,6.185,0.9756,0.2133,成功路(文德路-金龍路)-成功路3段152號前路燈桿(已附掛市警局CCTV),文德路;金龍路;成功路3段
VSSWC60,9.0,西,5,19,41.12124,5.915,0.7805,0.1008,成功路(文德路-金龍路)-成功路3段152號前路燈桿(已附掛市警局CCTV),文德路;金龍路;成功路3段
VSSWC60,9.0,西,5,20,43.671806,4.775,0.3659,0.0,成功路(文德路-金龍路)-成功路3段152號前路燈桿(已附掛市警局CCTV),文德路;金龍路;成功路3段
VSSWC60,9.0,西,5,21,44.774376,3.79,0.0488,0.0,成功路(文德路-金龍路)-成功路3段152號前路燈桿(已附掛市警局CCTV),文德路;金龍路;成功路3段
VSSWC60,9.0,西,5,22,45.325226,3.525,0.0244,0.0,成功路(文德路-金龍路)-成功路3段152號前路燈桿(已附掛市警局CCTV),文德路;金龍路;成功路3段
VSSWC60,9.0,西,5,23,46.27181,2.55,0.0,0.0,成功路(文德路-金龍路)-成功路3段152號前路燈桿(已附掛市警局CCTV),文德路;金龍路;成功路3段
VSSWC60,9.0,西,6,0,47.39581,2.025,0.0,0.0,成功路(文德路-金龍路)-成功路3段152號前路燈桿(已附掛市警局CCTV),文德路;金龍路;成功路3段
VSSWC60,9.0,西,6,1,47.32158,1.3,0.0,0.0,成功路(文德路-金龍路)-成功路3段152號前路燈桿(已附掛市警局CCTV),文德路;金龍路;成功路3段
VSSWC60,9.0,西,6,2,47.91036,0.74,0.0,0.0,成功路(文德路-金龍路)-成功路3段152號前路燈桿(已附掛市警局CCTV),文德路;金龍路;成功路3段
VSSWC60,9.0,西,6,3,47.701275,0.565,0.0,0.0,成功路(文德路-金龍路)-成功路3段152號前路燈桿(已附掛市警局CCTV),文德路;金龍路;成功路3段
VSSWC60,9.0,西,6,4,46.55122,0.65999997,0.0,0.0,成功路(文德路-金龍路)-成功路3段152號前路燈桿(已附掛市警局CCTV),文德路;金龍路;成功路3段
VSSWC60,9.0,西,6,5,46.9277,0.78499997,0.0,0.0,成功路(文德路-金龍路)-成功路3段152號前路燈桿(已附掛市警局CCTV),文德路;金龍路;成功路3段
VSSWC60,9.0,西,6,6,48.181877,0.9,0.0,0.0,成功路(文德路-金龍路)-成功路3段152號前路燈桿(已附掛市警局CCTV),文德路;金龍路;成功路3段
VSSWC60,9.0,西,6,7,47.35939,1.205,0.0,0.0,成功路(文德路-金龍路)-成功路3段152號前路燈桿(已附掛市警局CCTV),文德路;金龍路;成功路3段
VSSWC60,9.0,西,6,8,47.089348,1.7149999,0.0,0.0,成功路(文德路-金龍路)-成功路3段152號前路燈桿(已附掛市警局CCTV),文德路;金龍路;成功路3段
VSSWC60,9.0,西,6,9,44.818478,3.26,0.0488,0.0,成功路(文德路-金龍路)-成功路3段152號前路燈桿(已附掛市警局CCTV),文德路;金龍路;成功路3段
VSSWC60,9.0,西,6,10,42.52011,4.46,0.0244,0.0,成功路(文德路-金龍路)-成功路3段152號前路燈桿(已附掛市警局CCTV),文德路;金龍路;成功路3段
VSSWC60,9.0,西,6,11,40.182594,6.175,0.4146,0.1701,成功路(文德路-金龍路)-成功路3段152號前路燈桿(已附掛市警局CCTV),文德路;金龍路;成功路3段
VSSWC60,9.0,西,6,12,39.368057,9.085,0.9024,0.3729,成功路(文德路-金龍路)-成功路3段152號前路燈桿(已附掛市警局CCTV),文德路;金龍路;成功路3段
VSSWC60,9.0,西,6,13,40.160515,7.1400003,0.7561,0.2227,成功路(文德路-金龍路)-成功路3段152號前路燈桿(已附掛市警局CCTV),文德路;金龍路;成功路3段
VSSWC60,9.0,西,6,14,40.349567,7.685,0.7561,0.2405,成功路(文德路-金龍路)-成功路3段152號前路燈桿(已附掛市警局CCTV),文德路;金龍路;成功路3段
VSSWC60,9.0,西,6,15,38.39537,9.025,0.6829,0.4273,成功路(文德路-金龍路)-成功路3段152號前路燈桿(已附掛市警局CCTV),文德路;金龍路;成功路3段
VSSWC60,9.0,西,6,16,39.570744,6.5249996,0.7561,0.2249,成功路(文德路-金龍路)-成功路3段152號前路燈桿(已附掛市警局CCTV),文德路;金龍路;成功路3段
VSSWC60,9.0,西,6,17,40.96233,5.35,0.9268,0.0801,成功路(文德路-金龍路)-成功路3段152號前路燈桿(已附掛市警局CCTV),文德路;金龍路;成功路3段
VSSWC60,9.0,西,6,18,39.90853,6.05,0.9512,0.1796,成功路(文德路-金龍路)-成功路3段152號前路燈桿(已附掛市警局CCTV),文德路;金龍路;成功路3段
VSSWC60,9.0,西,6,19,40.93321,5.25,0.6829,0.0765,成功路(文德路-金龍路)-成功路3段152號前路燈桿(已附掛市警局CCTV),文德路;金龍路;成功路3段
VSSWC60,9.0,西,6,20,43.547127,4.45,0.2927,0.0,成功路(文德路-金龍路)-成功路3段152號前路燈桿(已附掛市警局CCTV),文德路;金龍路;成功路3段
VSSWC60,9.0,西,6,21,44.05402,3.665,0.0244,0.0,成功路(文德路-金龍路)-成功路3段152號前路燈桿(已附掛市警局CCTV),文德路;金龍路;成功路3段
VSSWC60,9.0,西,6,22,45.7617,3.0149999,0.0,0.0,成功路(文德路-金龍路)-成功路3段152號前路燈桿(已附掛市警局CCTV),文德路;金龍路;成功路3段
VSSWC60,9.0,西,6,23,47.640255,2.655,0.0,0.0,成功路(文德路-金龍路)-成功路3段152號前路燈桿(已附掛市警局CCTV),文德路;金龍路;成功路3段
VSSWC60,9.0,西,0,0,46.16238,1.76,0.0,0.0,成功路(文德路-金龍路)-成功路3段152號前路燈桿(已附掛市警局CCTV),文德路;金龍路;成功路3段
VSSWC60,9.0,西,0,1,47.678307,1.045,0.0,0.0,成功路(文德路-金龍路)-成功路3段152號前路燈桿(已附掛市警局CCTV),文德路;金龍路;成功路3段
VSSWC60,9.0,西,0,2,47.33957,0.995,0.0,0.0,成功路(文德路-金龍路)-成功路3段152號前路燈桿(已附掛市警局CCTV),文德路;金龍路;成功路3段
VSSWC60,9.0,西,0,3,46.924194,0.65,0.0,0.0,成功路(文德路-金龍路)-成功路3段152號前路燈桿(已附掛市警局CCTV),文德路;金龍路;成功路3段
VSSWC60,9.0,西,0,4,48.151237,0.42000002,0.0,0.0,成功路(文德路-金龍路)-成功路3段152號前路燈桿(已附掛市警局CCTV),文德路;金龍路;成功路3段
VSSWC60,9.0,西,0,5,46.8789737179,0.4,0.0,0.0,成功路(文德路-金龍路)-成功路3段152號前路燈桿(已附掛市警局CCTV),文德路;金龍路;成功路3段
VSSWC60,9.0,西,0,6,47.951916,0.935,0.0,0.0,成功路(文德路-金龍路)-成功路3段152號前路燈桿(已附掛市警局CCTV),文德路;金龍路;成功路3段
VSSWC60,9.0,西,0,7,48.458893,1.16,0.0,0.0,成功路(文德路-金龍路)-成功路3段152號前路燈桿(已附掛市警局CCTV),文德路;金龍路;成功路3段
VSSWC60,9.0,西,0,8,46.79,1.765,0.8293,0.0,成功路(文德路-金龍路)-成功路3段152號前路燈桿(已附掛市警局CCTV),文德路;金龍路;成功路3段
VSSWC60,9.0,西,0,9,45.948776,2.465,0.8293,0.0,成功路(文德路-金龍路)-成功路3段152號前路燈桿(已附掛市警局CCTV),文德路;金龍路;成功路3段
VSSWC60,9.0,西,0,10,44.307934,3.75,0.5854,0.0,成功路(文德路-金龍路)-成功路3段152號前路燈桿(已附掛市警局CCTV),文德路;金龍路;成功路3段
VSSWC60,9.0,西,0,11,42.96577,4.98,0.439,0.0,成功路(文德路-金龍路)-成功路3段152號前路燈桿(已附掛市警局CCTV),文德路;金龍路;成功路3段
VSSWC60,9.0,西,0,12,41.114536,7.3150005,0.5122,0.1756,成功路(文德路-金龍路)-成功路3段152號前路燈桿(已附掛市警局CCTV),文德路;金龍路;成功路3段
VSSWC60,9.0,西,0,13,41.6151,5.695,0.3902,0.0599,成功路(文德路-金龍路)-成功路3段152號前路燈桿(已附掛市警局CCTV),文德路;金龍路;成功路3段
VSSWC60,9.0,西,0,14,41.393787,5.135,0.4634,0.0432,成功路(文德路-金龍路)-成功路3段152號前路燈桿(已附掛市警局CCTV),文德路;金龍路;成功路3段
VSSWC60,9.0,西,0,15,42.366806,5.26,0.4878,0.0,成功路(文德路-金龍路)-成功路3段152號前路燈桿(已附掛市警局CCTV),文德路;金龍路;成功路3段
VSSWC60,9.0,西,0,16,40.230103,5.435,0.6341,0.1279,成功路(文德路-金龍路)-成功路3段152號前路燈桿(已附掛市警局CCTV),文德路;金龍路;成功路3段
VSSWC60,9.0,西,0,17,39.392105,6.14,0.8537,0.215,成功路(文德路-金龍路)-成功路3段152號前路燈桿(已附掛市警局CCTV),文德路;金龍路;成功路3段
VSSWC60,9.0,西,0,18,40.231255,5.85,0.9512,0.1499,成功路(文德路-金龍路)-成功路3段152號前路燈桿(已附掛市警局CCTV),文德路;金龍路;成功路3段
VSSWC60,9.0,西,0,19,42.53952,4.125,0.6341,0.0,成功路(文德路-金龍路)-成功路3段152號前路燈桿(已附掛市警局CCTV),文德路;金龍路;成功路3段
VSSWC60,9.0,西,0,20,45.12051,3.875,0.0732,0.0,成功路(文德路-金龍路)-成功路3段152號前路燈桿(已附掛市警局CCTV),文德路;金龍路;成功路3段
VSSWC60,9.0,西,0,21,45.034245,3.4,0.0976,0.0,成功路(文德路-金龍路)-成功路3段152號前路燈桿(已附掛市警局CCTV),文德路;金龍路;成功路3段
VSSWC60,9.0,西,0,22,45.058834,3.2150002,0.0,0.0,成功路(文德路-金龍路)-成功路3段152號前路燈桿(已附掛市警局CCTV),文德路;金龍路;成功路3段
VSSWC60,9.0,西,0,23,47.26,2.295,0.0,0.0,成功路(文德路-金龍路)-成功路3段152號前路燈桿(已附掛市警局CCTV),文德路;金龍路;成功路3段
VSSWC60,9.0,西,1,0,45.804737,1.9599999,0.0,0.0,成功路(文德路-金龍路)-成功路3段152號前路燈桿(已附掛市警局CCTV),文德路;金龍路;成功路3段
VSSWC60,9.0,西,1,1,46.9903,1.525,0.0,0.0,成功路(文德路-金龍路)-成功路3段152號前路燈桿(已附掛市警局CCTV),文德路;金龍路;成功路3段
VSSWC60,9.0,西,1,2,48.59,0.85,0.0,0.0,成功路(文德路-金龍路)-成功路3段152號前路燈桿(已附掛市警局CCTV),文德路;金龍路;成功路3段
VSSWC60,9.0,西,1,3,47.02515,0.62,0.0,0.0,成功路(文德路-金龍路)-成功路3段152號前路燈桿(已附掛市警局CCTV),文德路;金龍路;成功路3段
VSSWC60,9.0,西,1,4,45.81091,0.475,0.0,0.0,成功路(文德路-金龍路)-成功路3段152號前路燈桿(已附掛市警局CCTV),文德路;金龍路;成功路3段
VSSWC60,9.0,西,1,5,44.58188,0.52500004,0.0,0.0,成功路(文德路-金龍路)-成功路3段152號前路燈桿(已附掛市警局CCTV),文德路;金龍路;成功路3段
VSSWC60,9.0,西,1,6,47.84663,1.015,0.0,0.0,成功路(文德路-金龍路)-成功路3段152號前路燈桿(已附掛市警局CCTV),文德路;金龍路;成功路3段
VSSWC60,9.0,西,1,7,48.004826,1.21,0.0,0.0,成功路(文德路-金龍路)-成功路3段152號前路燈桿(已附掛市警局CCTV),文德路;金龍路;成功路3段
VSSWC60,9.0,西,1,8,48.2791,1.325,0.8537,0.0,成功路(文德路-金龍路)-成功路3段152號前路燈桿(已附掛市警局CCTV),文德路;金龍路;成功路3段
VSSWC60,9.0,西,1,9,42.211746,3.4,0.878,0.0,成功路(文德路-金龍路)-成功路3段152號前路燈桿(已附掛市警局CCTV),文德路;金龍路;成功路3段
VSSWC60,9.0,西,1,10,42.022285,4.855,0.7317,0.0,成功路(文德路-金龍路)-成功路3段152號前路燈桿(已附掛市警局CCTV),文德路;金龍路;成功路3段
VSSWC60,9.0,西,1,11,41.525166,5.525,0.5366,0.0561,成功路(文德路-金龍路)-成功路3段152號前路燈桿(已附掛市警局CCTV),文德路;金龍路;成功路3段
VSSWC60,9.0,西,1,12,38.729546,8.875,0.6341,0.3995,成功路(文德路-金龍路)-成功路3段152號前路燈桿(已附掛市警局CCTV),文德路;金龍路;成功路3段
VSSWC60,9.0,西,1,13,40.7589,7.3,0.2683,0.1958,成功路(文德路-金龍路)-成功路3段152號前路燈桿(已附掛市警局CCTV),文德路;金龍路;成功路3段
VSSWC60,9.0,西,1,14,39.712963,6.835,0.3659,0.2329,成功路(文德路-金龍路)-成功路3段152號前路燈桿(已附掛市警局CCTV),文德路;金龍路;成功路3段
VSSWC60,9.0,西,1,15,40.593113,8.51,0.4146,0.2699,成功路(文德路-金龍路)-成功路3段152號前路燈桿(已附掛市警局CCTV),文德路;金龍路;成功路3段
VSSWC60,9.0,西,1,16,39.95456,9.014999,0.6341,0.3345,成功路(文德路-金龍路)-成功路3段152號前路燈桿(已附掛市警局CCTV),文德路;金龍路;成功路3段
VSSWC60,9.0,西,1,17,41.24279,5.7250004,0.8049,0.0835,成功路(文德路-金龍路)-成功路3段152號前路燈桿(已附掛市警局CCTV),文德路;金龍路;成功路3段
VSSWC60,9.0,西,1,18,39.061447,7.1449995,0.8049,0.2879,成功路(文德路-金龍路)-成功路3段152號前路燈桿(已附掛市警局CCTV),文德路;金龍路;成功路3段
VSSWC60,9.0,西,1,19,34.789085,10.83,0.561,0.7365,成功路(文德路-金龍路)-成功路3段152號前路燈桿(已附掛市警局CCTV),文德路;金龍路;成功路3段
VSSWC60,9.0,西,1,20,43.710426,5.125,0.1463,0.0,成功路(文德路-金龍路)-成功路3段152號前路燈桿(已附掛市警局CCTV),文德路;金龍路;成功路3段
VSSWC60,9.0,西,1,21,44.746315,4.52,0.0732,0.0,成功路(文德路-金龍路)-成功路3段152號前路燈桿(已附掛市警局CCTV),文德路;金龍路;成功路3段
VSSWC60,9.0,西,1,22,44.897545,3.45,0.0244,0.0,成功路(文德路-金龍路)-成功路3段152號前路燈桿(已附掛市警局CCTV),文德路;金龍路;成功路3段
VSSWC60,9.0,西,1,23,46.49622,2.775,0.0,0.0,成功路(文德路-金龍路)-成功路3段152號前路燈桿(已附掛市警局CCTV),文德路;金龍路;成功路3段
VSSWC60,9.0,西,2,0,45.350533,1.5,0.0,0.0,成功路(文德路-金龍路)-成功路3段152號前路燈桿(已附掛市警局CCTV),文德路;金龍路;成功路3段
VSSWC60,9.0,西,2,1,46.76118,1.11,0.0,0.0,成功路(文德路-金龍路)-成功路3段152號前路燈桿(已附掛市警局CCTV),文德路;金龍路;成功路3段
VSSWC60,9.0,西,2,2,45.61288,0.5,0.0244,0.0,成功路(文德路-金龍路)-成功路3段152號前路燈桿(已附掛市警局CCTV),文德路;金龍路;成功路3段
VSSWC60,9.0,西,2,3,47.07163,0.46,0.0,0.0,成功路(文德路-金龍路)-成功路3段152號前路燈桿(已附掛市警局CCTV),文德路;金龍路;成功路3段
VSSWC60,9.0,西,2,4,45.37971,0.275,0.0,0.0,成功路(文德路-金龍路)-成功路3段152號前路燈桿(已附掛市警局CCTV),文德路;金龍路;成功路3段
VSSWC60,9.0,西,2,5,48.799763,0.32,0.0,0.0,成功路(文德路-金龍路)-成功路3段152號前路燈桿(已附掛市警局CCTV),文德路;金龍路;成功路3段
VSSWC60,9.0,西,2,6,47.912857,0.815,0.0,0.0,成功路(文德路-金龍路)-成功路3段152號前路燈桿(已附掛市警局CCTV),文德路;金龍路;成功路3段
VSSWC60,9.0,西,2,7,45.326252,1.25,0.0,0.0,成功路(文德路-金龍路)-成功路3段152號前路燈桿(已附掛市警局CCTV),文德路;金龍路;成功路3段
VSSWC60,9.0,西,2,8,38.6862921471,8.68352948824,0.878,0.3919,成功路(文德路-金龍路)-成功路3段152號前路燈桿(已附掛市警局CCTV),文德路;金龍路;成功路3段
VSSWC60,9.0,西,2,9,36.6388135,1.5500001,0.8293,0.0,成功路(文德路-金龍路)-成功路3段152號前路燈桿(已附掛市警局CCTV),文德路;金龍路;成功路3段
VSSWC60,9.0,西,2,10,37.709015,8.325001,0.6098,0.4306,成功路(文德路-金龍路)-成功路3段152號前路燈桿(已附掛市警局CCTV),文德路;金龍路;成功路3段
VSSWC60,9.0,西,2,11,42.774227,4.815,0.4146,0.0,成功路(文德路-金龍路)-成功路3段152號前路燈桿(已附掛市警局CCTV),文德路;金龍路;成功路3段
VSSWC60,9.0,西,2,12,44.64,3.525,0.4878,0.0,成功路(文德路-金龍路)-成功路3段152號前路燈桿(已附掛市警局CCTV),文德路;金龍路;成功路3段
VSSWC60,9.0,西,2,13,43.444366,4.14,0.3415,0.0,成功路(文德路-金龍路)-成功路3段152號前路燈桿(已附掛市警局CCTV),文德路;金龍路;成功路3段
VSSWC60,9.0,西,2,14,43.241993,4.985,0.4878,0.0,成功路(文德路-金龍路)-成功路3段152號前路燈桿(已附掛市警局CCTV),文德路;金龍路;成功路3段
VSSWC60,9.0,西,2,15,43.60543,5.295,0.5122,0.0,成功路(文德路-金龍路)-成功路3段152號前路燈桿(已附掛市警局CCTV),文德路;金龍路;成功路3段
VSSWC60,9.0,西,2,16,42.54702,5.415,0.4878,0.0,成功路(文德路-金龍路)-成功路3段152號前路燈桿(已附掛市警局CCTV),文德路;金龍路;成功路3段
VSSWC60,9.0,西,2,17,41.480846,5.51,0.9024,0.058,成功路(文德路-金龍路)-成功路3段152號前路燈桿(已附掛市警局CCTV),文德路;金龍路;成功路3段
VSSWC60,9.0,西,2,18,39.01361,5.835,0.9024,0.2211,成功路(文德路-金龍路)-成功路3段152號前路燈桿(已附掛市警局CCTV),文德路;金龍路;成功路3段
VSSWC60,9.0,西,2,19,39.63846,4.87,0.6585,0.0,成功路(文德路-金龍路)-成功路3段152號前路燈桿(已附掛市警局CCTV),文德路;金龍路;成功路3段
VSSWC60,9.0,西,2,20,42.17223,5.41,0.1951,0.0,成功路(文德路-金龍路)-成功路3段152號前路燈桿(已附掛市警局CCTV),文德路;金龍路;成功路3段
VSSWC60,9.0,西,2,21,42.09182,5.41,0.0488,0.0,成功路(文德路-金龍路)-成功路3段152號前路燈桿(已附掛市警局CCTV),文德路;金龍路;成功路3段
VSSWC60,9.0,西,2,22,44.178013,4.71,0.0488,0.0,成功路(文德路-金龍路)-成功路3段152號前路燈桿(已附掛市警局CCTV),文德路;金龍路;成功路3段
VSSWC60,9.0,西,2,23,46.356323,3.06,0.0,0.0,成功路(文德路-金龍路)-成功路3段152號前路燈桿(已附掛市警局CCTV),文德路;金龍路;成功路3段
VSSWC60,9.0,西,3,0,46.084827,1.88,0.0244,0.0,成功路(文德路-金龍路)-成功路3段152號前路燈桿(已附掛市警局CCTV),文德路;金龍路;成功路3段
VSSWC60,9.0,西,3,1,47.037487,1.1750001,0.0,0.0,成功路(文德路-金龍路)-成功路3段152號前路燈桿(已附掛市警局CCTV),文德路;金龍路;成功路3段
VSSWC60,9.0,西,3,2,48.472275,0.58500004,0.0,0.0,成功路(文德路-金龍路)-成功路3段152號前路燈桿(已附掛市警局CCTV),文德路;金龍路;成功路3段
VSSWC60,9.0,西,3,3,48.57942,0.425,0.0,0.0,成功路(文德路-金龍路)-成功路3段152號前路燈桿(已附掛市警局CCTV),文德路;金龍路;成功路3段
VSSWC60,9.0,西,3,4,47.94,0.425,0.0,0.0,成功路(文德路-金龍路)-成功路3段152號前路燈桿(已附掛市警局CCTV),文德路;金龍路;成功路3段
VSSWC60,9.0,西,3,5,46.271816,0.56,0.0,0.0,成功路(文德路-金龍路)-成功路3段152號前路燈桿(已附掛市警局CCTV),文德路;金龍路;成功路3段
VSSWC60,9.0,西,3,6,48.00519,0.90000004,0.0,0.0,成功路(文德路-金龍路)-成功路3段152號前路燈桿(已附掛市警局CCTV),文德路;金龍路;成功路3段
VSSWC60,9.0,西,3,7,46.601486,2.71,0.0,0.0,成功路(文德路-金龍路)-成功路3段152號前路燈桿(已附掛市警局CCTV),文德路;金龍路;成功路3段
VSSWC60,9.0,西,3,8,37.92365,11.555,0.878,0.5897,成功路(文德路-金龍路)-成功路3段152號前路燈桿(已附掛市警局CCTV),文德路;金龍路;成功路3段
VSSWC60,9.0,西,3,9,35.011055,4.275,0.878,0.0,成功路(文德路-金龍路)-成功路3段152號前路燈桿(已附掛市警局CCTV),文德路;金龍路;成功路3段
VSSWC60,9.0,西,3,10,39.68979,9.795,0.5366,0.3917,成功路(文德路-金龍路)-成功路3段152號前路燈桿(已附掛市警局CCTV),文德路;金龍路;成功路3段
VSSWC60,9.0,西,3,11,42.551544,4.885,0.7317,0.0,成功路(文德路-金龍路)-成功路3段152號前路燈桿(已附掛市警局CCTV),文德路;金龍路;成功路3段
VSSWC60,9.0,西,3,12,43.71171,3.8449998,0.6341,0.0,成功路(文德路-金龍路)-成功路3段152號前路燈桿(已附掛市警局CCTV),文德路;金龍路;成功路3段
VSSWC60,9.0,西,3,13,44.190838,4.14,0.2439,0.0,成功路(文德路-金龍路)-成功路3段152號前路燈桿(已附掛市警局CCTV),文德路;金龍路;成功路3段
VSSWC60,9.0,西,3,14,43.402824,4.515,0.4634,0.0,成功路(文德路-金龍路)-成功路3段152號前路燈桿(已附掛市警局CCTV),文德路;金龍路;成功路3段
VSSWC60,9.0,西,3,15,41.17794,6.6400003,0.4878,0.1359,成功路(文德路-金龍路)-成功路3段152號前路燈桿(已附掛市警局CCTV),文德路;金龍路;成功路3段
VSSWC60,9.0,西,3,16,42.844967,5.025,0.6829,0.0,成功路(文德路-金龍路)-成功路3段152號前路燈桿(已附掛市警局CCTV),文德路;金龍路;成功路3段
VSSWC60,9.0,西,3,17,41.307274,5.1099997,0.8049,0.047,成功路(文德路-金龍路)-成功路3段152號前路燈桿(已附掛市警局CCTV),文德路;金龍路;成功路3段
VSSWC60,9.0,西,3,18,38.656845,6.6900005,0.8293,0.2877,成功路(文德路-金龍路)-成功路3段152號前路燈桿(已附掛市警局CCTV),文德路;金龍路;成功路3段
VSSWC60,9.0,西,3,19,38.715893,7.07,0.8049,0.3044,成功路(文德路-金龍路)-成功路3段152號前路燈桿(已附掛市警局CCTV),文德路;金龍路;成功路3段
VSSWC60,9.0,西,3,20,42.913437,4.55,0.1463,0.0,成功路(文德路-金龍路)-成功路3段152號前路燈桿(已附掛市警局CCTV),文德路;金龍路;成功路3段
VSSWC60,9.0,西,3,21,44.499016,4.25,0.0244,0.0,成功路(文德路-金龍路)-成功路3段152號前路燈桿(已附掛市警局CCTV),文德路;金龍路;成功路3段
VSSWC60,9.0,西,3,22,44.285065,4.7200003,0.0244,0.0,成功路(文德路-金龍路)-成功路3段152號前路燈桿(已附掛市警局CCTV),文德路;金龍路;成功路3段
VSSWC60,9.0,西,3,23,46.285603,3.15,0.0,0.0,成功路(文德路-金龍路)-成功路3段152號前路燈桿(已附掛市警局CCTV),文德路;金龍路;成功路3段
